asset,rated_power_mw,energy_capacity_mwh,load_id,generator_id,valid_from,valid_to,state,county,postcode,latitude,longitude,load_zone,voltage_kv,import_capacity_mw,export_capacity_mw,commissioning_date,tech_type,is_co_located,co_located_type,co_located_mw,zone,owner,qse_id,qse,dme_id,dme,settlement_point_name,integrator,developer,manufacturer
Zier U1,40.08,78.0,ZIER_SLR_LD1,ZIER_SLR_BES1,2024-11-13,2050-01-01,Texas,Kinney,,29.350992,-100.562,south,,,,2024-04-30,Battery,True,Solar,160.0,South,Cypress Creek Renewables,99,TENASKA POWER SERVICES CO,52,CYPRESS CREEK RENEWABLES DME (YZIERS),ZIER_SLR_ALL,,Spearmint Energy,Tesla
Zier U1,40.08,78.0,ZIER_SLR_LD1,ZIER_SLR_BES1,2024-04-30,2024-11-12,Texas,Kinney,,29.350992,-100.562,south,,,,2024-04-30,Battery,True,Solar,160.0,South,Cypress Creek Renewables,56,Tenaska,52,CYPRESS CREEK RENEWABLES DME (YZIERS),ZIER_SLR_ALL,,Spearmint Energy,Tesla
Zapata 2 (DGR),9.9,10.0,ZAPATA_LD2,ZAPATA_UNIT2,2025-07-31,2050-01-01,Texas,Zapata,78076,26.932675,-99.23371,south,,,,2022-02-04,Battery,False,,,South,ENGIE,77,ENGIE ENERGY MARKETING NA INC,39,BRP INTERMEDIATECO I LLC,BRP_ZPT2_RN,,,
Zapata 2 (DGR),9.9,10.0,BRP_ZPT2_LD1,BRP_ZPT2_UNIT1,2024-05-01,2025-07-30,Texas,Zapata,78076,26.932675,-99.23371,south,,,,2022-02-04,Battery,False,,,South,ENGIE,77,ENGIE ENERGY MARKETING NA INC,53,ENGIE,BRP_ZPT2_RN,,,
Zapata 2 (DGR),9.9,10.0,BRP_ZPT2_LD1,BRP_ZPT2_UNIT1,2023-10-09,2024-04-30,Texas,Zapata,78076,26.932675,-99.23371,south,,,,2022-02-04,Battery,False,,,South,ENGIE,54,BROAD REACH QSE I LLC (,39,BRP INTERMEDIATECO I LLC,BRP_ZPT2_RN,,,
Zapata 2 (DGR),9.9,10.0,BRP_ZPT2_LD1,BRP_ZPT2_UNIT1,2023-09-01,2023-10-08,Texas,Zapata,78076,26.932675,-99.23371,south,,,,2022-02-04,Battery,False,,,South,ENGIE,54,BROAD REACH QSE I LLC (,4,BRP INTERMEDIATECO I LLC,BRP_ZPT2_RN,,,
Zapata 2 (DGR),9.9,10.0,BRP_ZPT2_LD1,BRP_ZPT2_UNIT1,2023-04-26,2023-08-31,Texas,Zapata,78076,26.932675,-99.23371,south,,,,2022-02-04,Battery,False,,,South,Broad Reach Power LLC,54,BROAD REACH QSE I LLC (,4,BRP INTERMEDIATECO I LLC,BRP_ZPT2_RN,,,
Zapata 2 (DGR),9.9,10.0,BRP_ZPT2_LD1,BRP_ZPT2_UNIT1,2022-02-04,2023-04-25,Texas,Zapata,78076,26.932675,-99.23371,south,,,,2022-02-04,Battery,False,,,South,Broad Reach Power LLC,7,BROAD REACH QSE,4,BRP INTERMEDIATECO I LLC,BRP_ZPT2_RN,,,
Zapata 1 (DGR),9.9,10.0,ZAPATA_LD1,ZAPATA_UNIT1,2025-07-31,2050-01-01,Texas,Zapata,78076,26.932675,-99.23371,south,,,,2022-02-07,Battery,False,,,South,ENGIE,77,ENGIE ENERGY MARKETING NA INC,39,BRP INTERMEDIATECO I LLC,BRP_ZPT1_RN,,,
Zapata 1 (DGR),9.9,10.0,BRP_ZPT1_LD1,BRP_ZPT1_UNIT1,2024-05-01,2025-07-30,Texas,Zapata,78076,26.932675,-99.23371,south,,,,2022-02-07,Battery,False,,,South,ENGIE,77,ENGIE ENERGY MARKETING NA INC,53,ENGIE,BRP_ZPT1_RN,,,
Zapata 1 (DGR),9.9,10.0,BRP_ZPT1_LD1,BRP_ZPT1_UNIT1,2023-10-09,2024-04-30,Texas,Zapata,78076,26.932675,-99.23371,south,,,,2022-02-07,Battery,False,,,South,ENGIE,54,BROAD REACH QSE I LLC (,39,BRP INTERMEDIATECO I LLC,BRP_ZPT1_RN,,,
Zapata 1 (DGR),9.9,10.0,BRP_ZPT1_LD1,BRP_ZPT1_UNIT1,2023-09-01,2023-10-08,Texas,Zapata,78076,26.932675,-99.23371,south,,,,2022-02-07,Battery,False,,,South,ENGIE,54,BROAD REACH QSE I LLC (,4,BRP INTERMEDIATECO I LLC,BRP_ZPT1_RN,,,
Zapata 1 (DGR),9.9,10.0,BRP_ZPT1_LD1,BRP_ZPT1_UNIT1,2023-04-26,2023-08-31,Texas,Zapata,78076,26.932675,-99.23371,south,,,,2022-02-07,Battery,False,,,South,Broad Reach Power LLC,54,BROAD REACH QSE I LLC (,4,BRP INTERMEDIATECO I LLC,BRP_ZPT1_RN,,,
Zapata 1 (DGR),9.9,10.0,BRP_ZPT1_LD1,BRP_ZPT1_UNIT1,2022-02-07,2023-04-25,Texas,Zapata,78076,26.932675,-99.23371,south,,,,2022-02-07,Battery,False,,,South,Broad Reach Power LLC,7,BROAD REACH QSE,4,BRP INTERMEDIATECO I LLC,BRP_ZPT1_RN,,,
Worsham (DGR),9.9,17.9,WORSHAM_LD7,WORSHAM_BESS1,2023-01-12,2050-01-01,,Reeves,79730,31.35658,-103.3365,west,,,,2020-04-10,Battery,False,,,West,Key Capture Energy,12,SHELL ENERGY NORTH AMERICA (US) LP,9,KEY CAPTURE ENERGY LLC,WRSBES_BESS1,,,
Worsham (DGR),9.9,17.9,WRSBES_LD1,WRSBES_BESS1,2021-12-15,2023-01-10,,Reeves,79730,31.35658,-103.3365,west,,,,2020-04-10,Battery,False,,,West,Key Capture Energy,12,SHELL ENERGY NORTH AMERICA (US) LP,9,KEY CAPTURE ENERGY LLC,WRSBES_BESS1,,,
Worsham (DGR),9.9,17.9,WRSBES_LD1,WRSBES_BESS1,2020-04-10,2021-12-14,,Reeves,79730,31.35658,-103.3365,west,,,,2020-04-10,Battery,False,,,West,Key Capture Energy,52,MP2 ENERGY LLC,9,KEY CAPTURE ENERGY LLC,WRSBES_BESS1,,,
Wolf Tank,155.0,173.0,WFTANK_LD1,WFTANK_ESS1,2024-04-24,2050-01-01,TX,Webb,,27.577207,-99.27602,south,,,,2023-07-18,Battery,False,,,South,Aypa Power,76,TENASKA POWER SERVICES CO,51,YWOLFT,WFTANK_ESS1,,Aypa Power,
Wolf Tank,155.0,173.0,WFTANK_LD1,WFTANK_ESS1,2024-04-17,2024-04-23,TX,Webb,,27.577207,-99.27602,south,,,,2023-07-18,Battery,False,,,South,Aypa Power,76,TENASKA POWER SERVICES CO,37,BOSTON ENERGY TRADING AND MARKETING LLC,WFTANK_ESS1,,Aypa Power,
Wolf Tank,155.0,173.0,WFTANK_LD1,WFTANK_ESS1,2023-07-19,2024-04-16,TX,Webb,,27.577207,-99.27602,south,,,,2023-07-18,Battery,False,,,South,Aypa Power,60,ENEL TRADING NORTH AMERICA LLC,37,BOSTON ENERGY TRADING AND MARKETING LLC,WFTANK_ESS1,,Aypa Power,
Wizard,150.8,300.0,,,2026-04-10,2049-12-31,,Galveston,,29.499434,-95.08513,houston,138,,,2026-04-10,Battery,False,,,Houston,Peregrine Energy Solutions,56,Tenaska,1145,WIZARD ENERGY STORAGE LLC,WZRD_ESS_RN,Wartsila,Peregrine Energy Solutions,
Wigeon Whistle,122.9,174.0,WIG_ESS_LD1,WIG_ESS_BES1,2024-12-20,2050-01-01,Texas,Collin,,33.03023505701841,-96.35713419242873,north,138,,,2024-12-20,Battery,False,,,North,UBS Asset Management,92,HABITAT ENERGY INC (QSE),64,HABITAT ENERGY INC (DME),WIG_BESS_RN,Canadian Solar,UBS Asset Management,Canadian Solar
Wharton,9.9,21.3,WR_LD1,WR_BESS1,2025-12-18,2050-01-01,Texas,Wharton,,29.313475,-96.108208,,,,,2025-12-18,,False,,,South,Agilitas Energy,1140,AE TELVIEW ESS LLC,1119,I EYE STORAGE LLC,WR_RN,,,
Westover (DGR),9.9,20.0,WOVER_LD1,WOVER_UNIT1,2025-04-09,2025-12-03,Texas,Ector,,31.83593,-102.441778,west,,,,2021-09-02,Battery,False,,,West,Gore Street Energy Storage Fund,56,Tenaska,14,WESTOVER ESS ASSETS LLC,WOV_BESS_RN,,SER Capital Partners,LG Chem
Westover (DGR),9.9,20.0,WOV_BESS_LD1,WOV_BESS_UNIT1,2023-06-28,2025-04-08,Texas,Ector,,31.83593,-102.441778,west,,,,2021-09-02,Battery,False,,,West,Gore Street Energy Storage Fund,56,Tenaska,14,WESTOVER ESS ASSETS LLC,WOV_BESS_RN,,SER Capital Partners,LG Chem
Westover (DGR),9.9,20.0,WOV_BESS_LD1,WOV_BESS_UNIT1,2023-01-08,2023-06-27,Texas,Ector,,31.83593,-102.441778,west,,,,2021-09-02,Battery,False,,,West,Gore Street Energy Storage Fund,17,PERFECT POWER LLC,14,WESTOVER ESS ASSETS LLC,WOV_BESS_RN,,SER Capital Partners,LG Chem
Westover (DGR),9.9,20.0,WOV_BESS_LD1,WOV_BESS_UNIT1,2021-09-02,2023-01-07,Texas,Ector,,31.83593,-102.441778,west,,,,2021-09-02,Battery,False,,,West,Perfect Power,17,PERFECT POWER LLC,14,WESTOVER ESS ASSETS LLC,WOV_BESS_RN,,SER Capital Partners,LG Chem
Weil Tract,9.9,10.8,WEIL_TRC_LD1,WEIL_TRC_BESS,2024-07-02,2050-01-01,Texas,Nueces,,27.8014,-97.4912,south,,,,2024-07-02,,False,,,Coastal,Hunt Energy Network,49,HEN POWER MARKETING LLC (SQ1),32,HEN INFRASTRUCTURE LLC 1,WLTC_ESR_RN,,HEN Infrastructure,
Walstrom,200.0,400.0,WAL_LD1,WAL_BESS_1,2025-10-06,2050-01-01,Texas,Austin,,29.847993,-96.19868,south,,,,2025-10-06,,False,,,South,Tesla,1136,ENGIE ENERGY MARKETING NA INC,1115,SEALY POWER LLC (DME),WAL_RN,Tesla,Tesla,
Val Verde,10.0,10.0,MV_VALV4_LD1,MV_VALV4_BESS,2024-01-24,2050-01-01,Texas,Hidalgo,,29.72753,-100.7943,south,,,,2024-01-24,Battery,False,,,South,Hunt Energy Network,49,HEN POWER MARKETING LLC (SQ1),32,HEN INFRASTRUCTURE LLC 1,MV_VALV4_RN,,,
Utopia,9.8,13.4,,,2026-05-27,2049-12-31,Texas,Bandera,,29.645365,-99.52352,south,,,,2026-05-27,Battery,False,,,South,Regis Energy,1114,Tenaska,1149,Regis Energy,UTOPIA_RN,,Regis Energy,
Tynan,9.9,10.8,TYNAN_LD2,TYNAN_BESS1,2025-05-01,2050-01-01,Texas,Bee,,28.184044,-97.7729,south,,,,2025-05-01,,False,,,South,Hunt Energy Network,49,HEN POWER MARKETING LLC (SQ1),32,HEN INFRASTRUCTURE LLC 1,TYNAN_RN,,HEN Infrastructure,
Triple Butte (DGR),7.5,15.0,BELD_LD1,BELD_BELU1,2025-04-02,2050-01-01,,Pecos,,30.75956,-103.0679,west,,,,2021-07-03,Battery,False,,,West,Jupiter Power,1110,JUPITER POWER ENERGY MANAGEMENT LLC,20,TRIPLE BUTTE LLC,TRIPBUT1_RN,,Jupiter Power,
Triple Butte (DGR),7.5,15.0,BELD_LD1,BELD_BELU1,2023-06-08,2025-04-01,,Pecos,,30.75956,-103.0679,west,,,,2021-07-03,Battery,False,,,West,Jupiter Power,14,TENASKA POWER SERVICES CO,20,TRIPLE BUTTE LLC,TRIPBUT1_RN,,Jupiter Power,
Triple Butte (DGR),7.5,15.0,TRIPBUT1_LD1,TRIPBUT1_BELU1,2021-10-06,2023-06-07,,Pecos,,30.75956,-103.0679,west,,,,2021-07-03,Battery,False,,,West,Jupiter Power,14,TENASKA POWER SERVICES CO,20,TRIPLE BUTTE LLC,TRIPBUT1_RN,,Jupiter Power,
Triple Butte (DGR),7.5,15.0,TRIPBUT1_LD1,TRIPBUT1_BELU1,2021-07-03,2021-10-05,,Pecos,,30.75956,-103.0679,west,,,,2021-07-03,Battery,False,,,West,Jupiter Power,4,TENASKA POWER SERVICES,20,TRIPLE BUTTE LLC,TRIPBUT1_RN,,Jupiter Power,
Toyah Power Station (DGR),10.4,9.9,CHERRYCR_LD2,CHERRYCR_BESS,2025-06-18,2050-01-01,Texas,Reeves,79772,31.113909,-103.6655,west,,,,2021-09-01,Battery,False,,,West,Hunt Energy Network,49,HEN POWER MARKETING LLC (SQ1),33,HEN INFRASTRUCTURE LLC 2,TOYAH_RN,,HEN Infrastructure,
Toyah Power Station (DGR),10.4,9.9,TOYAH_LD2,TOYAH_BESS,2022-05-19,2025-06-17,Texas,Reeves,79772,31.113909,-103.6655,west,,,,2021-09-01,Battery,False,,,West,Hunt Energy Network,49,HEN POWER MARKETING LLC (SQ1),33,HEN INFRASTRUCTURE LLC 2,TOYAH_RN,,HEN Infrastructure,
Toyah Power Station (DGR),10.4,9.9,TOYAH_LD1,TOYAH_BESS,2022-05-17,2022-05-17,Texas,Reeves,79772,31.113909,-103.6655,west,,,,2021-09-01,Battery,False,,,West,Hunt Energy Network,49,HEN POWER MARKETING LLC (SQ1),33,HEN INFRASTRUCTURE LLC 2,TOYAH_RN,,HEN Infrastructure,
Toyah Power Station (DGR),10.4,9.9,TOYAH_LD1,TOYAH_BESS,2021-09-01,2022-05-16,Texas,Reeves,79772,31.113909,-103.6655,west,,,,2021-09-01,Battery,False,,,West,Hunt Energy Network,16,HEN POWER MARKETING LLC,13,HEN INFRASTRUCTURE LLC,TOYAH_RN,,HEN Infrastructure,
Tos (DGR),2.0,2.0,TOSBATT_LD1,TOSBATT_UNIT1,2017-10-31,2050-01-01,Texas,Midland,,,,west,,,,2017-10-31,Battery,False,,,West,NRG Energy,21,NRG TEXAS POWER LLC,17,NRG TEXAS POWER LLC,RN_TOSBATT,,,
Timberwolf,150.0,300.0,TBWF_ESS_LD1,TBWF_ESS_BES1,2024-01-04,2050-01-01,TX,Crane,,31.233457,-102.3085,west,,,,2023-12-21,Battery,False,,,West,Spearmint Energy,72,TENASKA POWER SERVICES CO,44,TIMBERWOLF BESS,TBWF_ES_BES1,,,Sungrow
Timberwolf,150.0,300.0,TBWF_ESS_LD1,TBWF_ESS_BES1,2023-12-21,2024-01-03,TX,Crane,,31.233457,-102.3085,west,,,,2023-12-21,Battery,False,,,West,Spearmint Energy,56,Tenaska,44,TIMBERWOLF BESS,TBWF_ES_BES1,,,Sungrow
Tierra Seca,103.0,200.0,,,2026-02-04,2050-01-01,Texas,Val Verde,,29.349111,-100.8734,,138,,,2026-02-06,Battery,False,,,West,Spearmint Energy,1147,TENASKA POWER SERVICES CO,1128,TIERRA SECA BESS LLC,TSECA_ES_RN,Sungrow,Spearmint Energy,Sungrow
Tidwell Prairie U2,102.0,200.0,TDWLPR_1_LD2,TDWLPR_1_BESS2,2025-10-23,2050-01-01,Texas,Robertson,,31.09828,-96.66368,north,,,,2025-10-23,,False,,,North,Jupiter Power,1133,MERCURIA ENERGY AMERICA LLC,59,MERCURIA ENERGY AMERICA LLC,TDWLPR_1_RN,,,
Tidwell Prairie U1,102.0,200.0,TDWLPR_1_LD1,TDWLPR_1_BESS1,2025-10-23,2050-01-01,Texas,Robertson,,31.09828,-96.66368,north,,,,2025-10-23,,False,,,North,Jupiter Power,1133,MERCURIA ENERGY AMERICA LLC,59,MERCURIA ENERGY AMERICA LLC,TDWLPR_1_RN,,,
TE Smith,125.4,250.0,,,2026-03-12,2050-01-01,Texas,Rockwall,,32.971161,-96.34768,,345,,,2026-03-12,,False,,,North,Tesla,1150,ENGIE ENERGY MARKETING NA INC,1140,BT SMITH STORAGE LLC,SMTH_ESS_RN,Tesla,Tesla,CATL
Telview,9.9,21.0,TV_LD1,TV_BESS,2024-12-04,2050-01-01,Texas,Fort Bend,,29.6695,-95.4627,houston,138,,,2024-12-04,Battery,False,,,Houston,Agilitas Energy,101,AE TELVIEW ESS LLC,71,AE TELVIEW ESS LLC,TV_RN,Agilitas Energy,Gulf States Renewable Energy,BYD
Tanzanite U2,132.9,257.0,TANZ_ESS_LD2,TANZ_ESS_BES2,2025-11-12,2049-12-31,Texas,Henderson,,32.230844,-95.8376,north,,132.9,132.9,2025-11-12,,False,,,North,ENGIE,1139,ENGIE ENERGY MARKETING NA INC,53,ENGIE,TANZ_ESS_RN,,,
Tanzanite U1,132.9,257.0,TANZ_ESS_LD1,TANZ_ESS_BES1,2025-11-12,2049-12-31,Texas,Henderson,,32.230844,-95.8376,north,,132.9,132.9,2025-11-12,,False,,,North,ENGIE,1139,ENGIE ENERGY MARKETING NA INC,53,ENGIE,TANZ_ESS_RN,,,
Swoose (DGR),9.9,19.8,PYOTE_LD4,PYOTE_SWOOSEU1,2025-04-02,2050-01-01,Texas,Ward,79777,31.45115,-103.0962,west,,,,2021-07-02,Battery,False,,,West,Jupiter Power,1110,JUPITER POWER ENERGY MANAGEMENT LLC,25,SWOOSE LLC,SWOOSE1_U1,,Jupiter Power,
Swoose (DGR),9.9,19.8,PYOTE_LD4,PYOTE_SWOOSEU1,2023-06-08,2025-04-01,Texas,Ward,79777,31.45115,-103.0962,west,,,,2021-07-02,Battery,False,,,West,Jupiter Power,14,TENASKA POWER SERVICES CO,25,SWOOSE LLC,SWOOSE1_U1,,Jupiter Power,
Swoose (DGR),9.9,19.8,SWOOSE1_LD1,SWOOSE1_SWOOSEU1,2021-10-06,2023-06-07,Texas,Ward,79777,31.45115,-103.0962,west,,,,2021-07-02,Battery,False,,,West,Jupiter Power,14,TENASKA POWER SERVICES CO,25,SWOOSE LLC,SWOOSE1_U1,,Jupiter Power,
Swoose (DGR),9.9,19.8,SWOOSE1_LD1,SWOOSE1_SWOOSEU1,2021-07-02,2021-10-05,Texas,Ward,79777,31.45115,-103.0962,west,,,,2021-07-02,Battery,False,,,West,Jupiter Power,4,TENASKA POWER SERVICES,25,SWOOSE LLC,SWOOSE1_U1,,Jupiter Power,
Swoose 2,101.0,204.8,SWOOSEII_LD1,SWOOSEII_BESS1,2025-01-07,2050-01-01,Texas,Ward,79719,31.45115,-103.3618,west,,,,2022-08-15,Battery,False,,,West,Jupiter Power,98,MERCURIA ENERGY AMERICA LLC,59,MERCURIA ENERGY AMERICA LLC,SWOOSEII_RN,,Jupiter Power,
Swoose 2,101.0,204.8,SWOOSEII_LD1,SWOOSEII_BESS1,2024-11-01,2025-01-06,Texas,Ward,79719,31.45115,-103.3618,west,,,,2022-08-15,Battery,False,,,West,Jupiter Power,98,MERCURIA ENERGY AMERICA LLC,26,SWOOSE II LLC,SWOOSEII_RN,,Jupiter Power,
Swoose 2,101.0,204.8,SWOOSEII_LD1,SWOOSEII_BESS1,2022-08-15,2024-10-31,Texas,Ward,79719,31.45115,-103.3618,west,,,,2022-08-15,Battery,False,,,West,Jupiter Power,14,TENASKA POWER SERVICES CO,26,SWOOSE II LLC,SWOOSEII_RN,,Jupiter Power,
Sweetwater (DGR),10.0,20.0,SWTWR_LD2,SWTWR_UNIT1,2023-07-27,2050-01-01,Texas,Nolan,,32.45932,-100.44377,west,,,,2021-09-03,Battery,False,,,West,Gore Street Energy Storage Fund,56,Tenaska,19,SWEETWATER ESS ASSETS LLC,SWT_BESS_RN,,Perfect Power,LG Chem
Sweetwater (DGR),10.0,20.0,SWT_BESS_LD1,SWT_BESS_UNIT1,2023-06-28,2023-07-26,Texas,Nolan,,32.45932,-100.44377,west,,,,2021-09-03,Battery,False,,,West,Gore Street Energy Storage Fund,56,Tenaska,19,SWEETWATER ESS ASSETS LLC,SWT_BESS_RN,,Perfect Power,LG Chem
Sweetwater (DGR),10.0,20.0,SWT_BESS_LD1,SWT_BESS_UNIT1,2023-01-08,2023-06-27,Texas,Nolan,,32.45932,-100.44377,west,,,,2021-09-03,Battery,False,,,West,Gore Street Energy Storage Fund,17,PERFECT POWER LLC,19,SWEETWATER ESS ASSETS LLC,SWT_BESS_RN,,Perfect Power,LG Chem
Sweetwater (DGR),10.0,20.0,SWT_BESS_LD1,SWT_BESS_UNIT1,2021-09-03,2023-01-07,Texas,Nolan,,32.45932,-100.44377,west,,,,2021-09-03,Battery,False,,,West,Perfect Power,17,PERFECT POWER LLC,19,SWEETWATER ESS ASSETS LLC,SWT_BESS_RN,,Perfect Power,LG Chem
Sweeny (DGR),10.0,10.0,SWEENY_LD1,SWEENY_UNIT1,2024-05-01,2050-01-01,,Brazoria,77480,29.055615,-95.68724,houston,,,,2021-05-01,Battery,False,,,Coastal,ENGIE,77,ENGIE ENERGY MARKETING NA INC,53,ENGIE,BRP_SWNY_RN,,,
Sweeny (DGR),10.0,10.0,SWEENY_LD1,SWEENY_UNIT1,2023-10-09,2024-04-30,,Brazoria,77480,29.055615,-95.68724,houston,,,,2021-05-01,Battery,False,,,Coastal,ENGIE,54,BROAD REACH QSE I LLC (,39,BRP INTERMEDIATECO I LLC,BRP_SWNY_RN,,,
Sweeny (DGR),10.0,10.0,SWEENY_LD1,SWEENY_UNIT1,2023-09-01,2023-10-08,,Brazoria,77480,29.055615,-95.68724,houston,,,,2021-05-01,Battery,False,,,Coastal,ENGIE,54,BROAD REACH QSE I LLC (,4,BRP INTERMEDIATECO I LLC,BRP_SWNY_RN,,,
Sweeny (DGR),10.0,10.0,SWEENY_LD1,SWEENY_UNIT1,2023-04-26,2023-08-31,,Brazoria,77480,29.055615,-95.68724,houston,,,,2021-05-01,Battery,False,,,Coastal,Broad Reach Power LLC,54,BROAD REACH QSE I LLC (,4,BRP INTERMEDIATECO I LLC,BRP_SWNY_RN,,,
Sweeny (DGR),10.0,10.0,SWEENY_LD1,SWEENY_UNIT1,2022-09-14,2023-04-25,,Brazoria,77480,29.055615,-95.68724,houston,,,,2021-05-01,Battery,False,,,Coastal,Broad Reach Power LLC,7,BROAD REACH QSE,4,BRP INTERMEDIATECO I LLC,BRP_SWNY_RN,,,
Sweeny (DGR),10.0,10.0,BRP_SWNY_LD1,BRP_SWNY_UNIT1,2021-05-01,2022-09-13,,Brazoria,77480,29.055615,-95.68724,houston,,,,2021-05-01,Battery,False,,,Coastal,Broad Reach Power LLC,7,BROAD REACH QSE,4,BRP INTERMEDIATECO I LLC,BRP_SWNY_RN,,,
Sun Valley 2,47.3,46.7,SUNVASLR_LD2,SUNVASLR_BESS2,2023-12-28,2050-01-01,TX,Hill,,31.86976,-100.01498,north,,,,2023-12-28,Co-located battery (Solar),True,Solar Farm,250.0,North,ENGIE,71,ENGIE ENERGY MARKETING NA INC (SQ38),45,SUN VALLEY STORAGE LLC,SUNVASLR_ALL,,,
Sun Valley 1,54.1,53.3,SUNVASLR_LD1,SUNVASLR_BESS1,2023-12-28,2050-01-01,TX,Hill,,31.86976,-97.01498,north,,,,2023-12-28,Battery,True,Solar Farm,249.0,North,ENGIE,71,ENGIE ENERGY MARKETING NA INC (SQ38),45,SUN VALLEY STORAGE LLC,SUNVASLR_ALL,,,
Sunset Ridge Energy Center,9.9,20.0,PEARSALL_LD1,PEARSALL_BES1,2025-07-09,2049-12-31,Texas,Frio,,28.888133,-99.07931,south,138,9.9,9.9,2025-07-09,battery,False,,,South,East Point Energy,56,Tenaska,1100,SUNSET RIDGE ENERGY CENTER LLC,PEARSALL_RN,,East Point Energy,
St. Gall I,104.5,203.0,SGAL_BES_LD1,SGAL_BES_BESS1,2026-01-07,2050-01-01,Texas,Pecos,,30.924381,-102.9536,west,,102.5,102.5,2024-03-26,Battery,False,,,West,Jupiter Power,1110,JUPITER POWER ENERGY MANAGEMENT LLC,48,JUPITER POWER DME (YSTGAL),SG_BES_BESS1,Energy Vault,Jupiter Power,REPT Battero
St. Gall I,104.5,203.0,SGAL_BES_LD1,SGAL_BES_BESS1,2025-05-01,2026-01-06,Texas,Pecos,,30.924381,-102.9536,west,,102.5,102.5,2024-03-26,Battery,False,,,West,Jupiter Power,1112,Jupiter Power Energy Management LLC,48,JUPITER POWER DME (YSTGAL),SG_BES_BESS1,Energy Vault,Jupiter Power,REPT Battero
St. Gall I,104.5,203.0,SGAL_BES_LD1,SGAL_BES_BESS1,2024-03-26,2025-04-30,Texas,Pecos,,30.924381,-102.9536,west,,102.5,102.5,2024-03-26,Battery,False,,,West,Jupiter Power,14,TENASKA POWER SERVICES CO,48,JUPITER POWER DME (YSTGAL),SG_BES_BESS1,Energy Vault,Jupiter Power,REPT Battero
St. Gall 2,102.5,200.0,SGAL_BES_LD2,SGAL_BES_BESS2,2025-09-24,2050-01-01,,Pecos,,30.924418,-102.9531,west,,,,2025-09-24,Battery,True,Solar,,West,Jupiter Power,1129,JUPITER POWER ENERGY MANAGEMENT LLC,1111,ST GALL ENERGY STORAGE I LLC,SG_BES_BESS1,Energy Vault,,REPT Battero
Stampede,70.0,105.0,STAM_SLR_LD1,STAM_SLR_BESS1,2024-10-25,2050-01-01,Texas,Hopkins,,33.201315,-95.31923,north,,,,2024-10-25,Battery,True,Solar,255.0,North,Enel North America,89,ENEL TRADING NORTH AMERICA LLC,15,ENEL TRADING NORTH AMERICA LLC,STAM_SLR_ALL,,Enel Green Power,
Stadium,9.9,19.8,,,2026-02-06,2049-12-31,Texas,Jim Wells,,27.745926,-98.05444,,69,,,2026-02-06,Battery,False,,,South,Grenergy,56,Tenaska,1134,BESS STADIUM LLC,STADIUM_RN,TruGrid,Grenergy,BYD
SP TX-12B,25.1,25.1,SPTX12B_LD1,SPTX12B_BES1,2023-06-06,2050-01-01,Texas,Upton,,31.2873,-102.272,west,,,,2023-05-31,Battery co-located (solar),True,solar,157.0,West,Ormat,25,BOSTON ENERGY TRADING AND MARKETING LLC,35,VESI UPTON COUNTY BESS LLC,SPTX12B_RN,,Con edison Development,
Spencer,9.9,20.0,SP_LD1,SP_BESS,2025-11-19,2049-12-31,Texas,Harris,,29.7584,-95.1764,houston,,9.9,9.9,2025-09-30,,False,,,Houston,On.Energy,56,Tenaska,1112,SPENCER CLEAN ENERGY CENTER LLC (DME),SP_RN,On.Energy,On.Energy,Sungrow
Spencer,9.9,20.0,SP_LD1,SP_BESS,2025-09-30,2025-11-18,Texas,Harris,,29.7584,-95.1764,houston,,9.9,9.9,2025-09-30,,False,,,Houston,On.Energy,1106,TYR ENERGY LLC,1112,SPENCER CLEAN ENERGY CENTER LLC (DME),SP_RN,On.Energy,On.Energy,Sungrow
Southeast Edinburg,9.9,24.7,,,2026-06-16,2049-12-31,Texas,Hidalgo,,26.288269,-98.14674,south,,,,2026-06-16,Battery,False,,,South,Marubeni,1156,GridBeyond,1146,Marubeni,SE_EDINB_RN,,Adapture Renewables,
Snyder (DGR),10.0,20.0,DPCRK_LD1,DPCRK_UNIT1,2023-08-10,2050-01-01,Texas,Scurry,,32.7186,-100.909,west,,,,2021-09-01,Battery,False,,,West,Gore Street Energy Storage Fund,56,Tenaska,23,SNYDER ESS ASSETS LLC,SNY_BESS_RN,,Perfect Power,LG Chem
Snyder (DGR),10.0,20.0,SNY_BESS_LD1,SNY_BESS_UNIT1,2023-06-28,2023-08-09,Texas,Scurry,,32.7186,-100.909,west,,,,2021-09-01,Battery,False,,,West,Gore Street Energy Storage Fund,56,Tenaska,23,SNYDER ESS ASSETS LLC,SNY_BESS_RN,,Perfect Power,LG Chem
Snyder (DGR),10.0,20.0,SNY_BESS_LD1,SNY_BESS_UNIT1,2023-01-08,2023-06-27,Texas,Scurry,,32.7186,-100.909,west,,,,2021-09-01,Battery,False,,,West,Gore Street Energy Storage Fund,17,PERFECT POWER LLC,23,SNYDER ESS ASSETS LLC,SNY_BESS_RN,,Perfect Power,LG Chem
Snyder (DGR),10.0,20.0,SNY_BESS_LD1,SNY_BESS_UNIT1,2021-09-01,2023-01-07,Texas,Scurry,,32.7186,-100.909,west,,,,2021-09-01,Battery,False,,,West,Perfect Power,17,PERFECT POWER LLC,23,SNYDER ESS ASSETS LLC,SNY_BESS_RN,,Perfect Power,LG Chem
Silicon Hill 2,50.0,99.0,SLCNHLS_LD2,SLCNHLS_ESS2,2023-04-04,2050-01-01,Texas,Travis,,30.41217,-97.57405,south,,,,2023-04-03,Battery,False,,,South,Key Capture Energy,12,SHELL ENERGY NORTH AMERICA (US) LP,9,KEY CAPTURE ENERGY LLC,SLCN_ESS_ALL,,,
Silicon Hill 1,50.0,99.0,SLCNHLS_LD1,SLCNHLS_ESS1,2023-04-04,2050-01-01,Texas,Travis,,30.41217,-97.57405,south,,,,2023-04-03,Battery,False,,,South,Key Capture Energy,12,SHELL ENERGY NORTH AMERICA (US) LP,9,KEY CAPTURE ENERGY LLC,SLCN_ESS_ALL,Powin Energy,Key Capture Energy,Mitsubishi Power
Sheep Creek,142.0,183.0,SHEEPCRK_LD1,SHEEPCRK_BESS1,2024-09-17,2050-01-01,Texas,Callahan,,32.6404,-101.5432,west,,,,2024-09-17,Battery,True,Wind,153.0,North,ENGIE,90,ENGIE ENERGY MARKETING NA INC,53,ENGIE,SHEEPCRK_1,,,
Shamrock (SLF),99.3,300.0,SHAMROCK_LD1,SHAMROCK_BESS1,2025-08-19,2050-01-01,Texas,Crockett,,30.936,-101.607,west,345,100.0,100.0,2025-08-19,Battery,True,Wind,223.9,,NextEra Energy Resources,1125,NextEra Energy Marketing LLC,1106,NEXTERA ENERGY RESOURCES LLC (DME),SHAMROCK_RN,,NextEra Energy Resources,
Seven Flags,103.0,200.0,,,2026-02-13,2050-01-01,Texas,Webb,,27.456115,-99.41734,,138,,,2026-02-13,Battery,False,,,South,Spearmint Energy,1146,TENASKA POWER SERVICES CO,1127,SEVEN FLAGS BESS LLC,SEVNF_ES_RN,Sungrow,Spearmint Energy,Sungrow
Screwbean (DGR),9.9,9.9,SBEAN_LD9,SBEAN_BESS,2023-01-31,2050-01-01,Texas,Culberson,,31.821423,-104.0451,west,,,,2023-01-31,Battery,False,,,West,Hunt Energy Network,49,HEN POWER MARKETING LLC (SQ1),13,HEN INFRASTRUCTURE LLC,SBEAN_BESS,,,
Saragosa (DGR),9.9,20.0,SGSA_LD5,SGSA_BESS1,2025-06-04,2050-01-01,Texas,Reeves,,31.040793,-103.65294,west,,,,2022-07-22,Battery,False,,,West,NW Group,1117,AMA QSE LLC,31,MATTA POWER STATION LLC,SGSA_DGR,,,
Saragosa (DGR),9.9,20.0,SGSA_LD5,SGSA_BESS1,2023-08-23,2025-06-03,Texas,Reeves,,31.040793,-103.65294,west,,,,2022-07-22,Battery,False,,,West,NW Group,52,MP2 ENERGY LLC,31,MATTA POWER STATION LLC,SGSA_DGR,,,
Saragosa (DGR),9.9,20.0,SGSA_LD5,SGSA_BESS1,2022-07-22,2023-08-22,Texas,Reeves,,31.040793,-103.65294,west,,,,2022-07-22,Battery,False,,,West,Skylar Capital,52,MP2 ENERGY LLC,31,MATTA POWER STATION LLC,SGSA_DGR,,,
Santa Rosa (DGR),10.0,10.0,S_SNROSA_LD1,S_SNROSA_BESS,2023-12-14,2050-01-01,TX,Cameron,,26.232466,-97.82317,south,,,,2023-12-14,Battery,False,,,Coastal,SMT Energy,65,TENASKA POWER SERVICES CO,41,SMT TX MANAGEMENT LLC,SROSA_ESR_RN,,,
Sandlake,9.9,9.9,SANDLAKE_LD4,SANDLAKE_BESS,2024-10-01,2050-01-01,Texas,Reeves,,31.508786,-103.6175,west,,,,2024-10-01,Battery,False,,,West,Hunt Energy Network,49,HEN POWER MARKETING LLC (SQ1),32,HEN INFRASTRUCTURE LLC 1,SANDLAKE_RN,,HEN Infrastructure,
Saddleback (DGR),9.9,9.9,SADLBACK_LD5,SADLBACK_BESS,2022-05-26,2050-01-01,Texas,Reeves,,31.332883,-103.4984,west,,,,2022-05-05,Battery,False,,,West,Hunt Energy Network,49,HEN POWER MARKETING LLC (SQ1),33,HEN INFRASTRUCTURE LLC 2,SADLBACK_RN,,,
Saddleback (DGR),9.9,9.9,SADLBACK_LD4,SADLBACK_BESS,2022-05-24,2022-05-25,Texas,Reeves,,31.332883,-103.4984,west,,,,2022-05-05,Battery,False,,,West,Hunt Energy Network,49,HEN POWER MARKETING LLC (SQ1),33,HEN INFRASTRUCTURE LLC 2,SADLBACK_RN,,,
Saddleback (DGR),9.9,9.9,SADLBACK_LD4,SADLBACK_BESS,2022-05-05,2022-05-23,Texas,Reeves,,31.332883,-103.4984,west,,,,2022-05-05,Battery,False,,,West,Hunt Energy Network,16,HEN POWER MARKETING LLC,13,HEN INFRASTRUCTURE LLC,SADLBACK_RN,,,
Russek Street,9.9,10.8,RUSSEKST_LD1,RUSSEKST_BESS,2024-12-20,2050-01-01,Texas,Reagan,,31.1903,-101.467,west,,,,2024-12-20,Battery,False,,,West,Hunt Energy Network,49,HEN POWER MARKETING LLC (SQ1),32,HEN INFRASTRUCTURE LLC 1,RUSSEKST_RN,,HEN Infrastructure,
Roseland,50.0,75.0,ROSELAND_LD1,ROSELAND_BESS1,2023-07-06,2050-01-01,TX,Falls,,31.459606,-96.82436,north,,,,2023-07-06,Battery co-located (wind),True,solar,,North,Enel North America,61,ENEL TRADING NORTH AMERICA LLC,15,ENEL TRADING NORTH AMERICA LLC,ROSELAND_ALL,,,
Rodeo Ranch U2,150.0,300.0,RRANCHES_LD2,RRANCHES_UNIT2,2023-12-27,2050-01-01,Texas,Reeves,,31.36,-103.33,west,,,,2023-12-27,Battery,False,,,West,Plus Power,73,ENGIE ENERGY MARKETING NA INC (SQ51),34,GAMBIT ENERGY STORAGE LLC,RRANCHES_ALL,,Plus Power,
Rodeo Ranch U1,150.0,300.0,RRANCHES_LD1,RRANCHES_UNIT1,2023-12-27,2050-01-01,Texas,Reeves,,31.36,-103.33,west,,,,2023-12-27,,False,,,West,Plus Power,73,ENGIE ENERGY MARKETING NA INC (SQ51),34,GAMBIT ENERGY STORAGE LLC,RRANCHES_ALL,,Plus Power,
River Valley 2,50.0,100.0,RVRVLYS_LD2,RVRVLYS_ESS2,2023-07-31,2050-01-01,Texas,Williamson,,30.41432,-97.35518,south,,,,2023-07-31,Battery,False,,,South,Key Capture Energy,12,SHELL ENERGY NORTH AMERICA (US) LP,9,KEY CAPTURE ENERGY LLC,RVRVLYS_ALL,,,
River Valley 1,50.0,99.0,RVRVLYS_LD1,RVRVLYS_ESS1,2023-07-31,2050-01-01,Texas,Williamson,,30.41477,-97.35701,south,,,,2023-07-31,Battery,False,,,South,Key Capture Energy,12,SHELL ENERGY NORTH AMERICA (US) LP,9,KEY CAPTURE ENERGY LLC,RVRVLYS_ALL,,,
River Bend,101.6,150.0,RBN_LD1,RBN_BESS1,2024-11-14,2050-01-01,Texas,Fort Bend,,29.56318,-95.80023,houston,,,,2024-10-09,Battery,False,,,Houston,Cypress Creek Renewables,99,TENASKA POWER SERVICES CO,65,BRAZOS BEND BESS LLC,RBN_BESS1,,Black Mountain Energy Storage,Sungrow
River Bend,101.6,150.0,RBN_LD1,RBN_BESS1,2024-10-09,2024-11-13,Texas,Fort Bend,,29.56318,-95.80023,houston,,,,2024-10-09,Battery,False,,,Houston,Cypress Creek Renewables,56,Tenaska,65,BRAZOS BEND BESS LLC,RBN_BESS1,,Black Mountain Energy Storage,Sungrow
Rio Grande City (DGR),10.0,10.0,RIO_GRAN_LD1,RIO_GRAN_BESS,2023-11-30,2050-01-01,TX,Starr,,26.408729,-98.93743,south,,,,2023-11-30,Battery,False,,,South,SMT Energy,65,TENASKA POWER SERVICES CO,41,SMT TX MANAGEMENT LLC,RIOG_ESR_RN,,,
Rio Grande City 2,9.9,22.4,RIO_GRAN_LD2,RIO_GRAN_BESS2,2025-07-16,2050-01-01,Texas,Starr,,26.39279,-98.81941,south,,,,2025-07-16,,False,,,South,Prologis,102,PROLOGIS ENERGY LLC,1098,SBESS TX 12 LLC,RIOG_ESR2_RN,,,
Republic Road,50.0,99.0,RPUBRDS_LD1,RPUBRDS_ESS1,2022-06-17,2050-01-31,,Robertson,77859,30.881424,-96.62542,north,,,,2022-06-15,Battery,False,,,North,Key Capture Energy,12,SHELL ENERGY NORTH AMERICA (US) LP,9,KEY CAPTURE ENERGY LLC,RPUBRDS_RN,Powin Energy,Key Capture Energy,Mitsubishi Power
Rattlesnake (DGR),9.9,9.9,RTLSNAKE_LD2,RTLSNAKE_BESS,2022-12-01,2050-01-01,Texas,Ward,,31.568978,-103.2266,west,,,,2022-06-23,Battery,False,,,West,Hunt Energy Network,49,HEN POWER MARKETING LLC (SQ1),13,HEN INFRASTRUCTURE LLC,RTLSNAKE_BT,,,
Rattlesnake (DGR),9.9,9.9,RTLSNAKE_LD2,RTLSNAKE_BESS,2022-06-23,2022-11-30,Texas,Ward,,31.568978,-103.2266,west,,,,2022-06-23,Battery,False,,,West,Hunt Energy Network,16,HEN POWER MARKETING LLC,13,HEN INFRASTRUCTURE LLC,RTLSNAKE_BT,,,
Ranchtown (DGR),10.0,9.9,K0_LD1,K0_UNIT1,2024-05-01,2050-01-01,,Bexar,78023,29.617885,-98.73595,south,,,,2021-10-25,Battery,False,,,South,ENGIE,77,ENGIE ENERGY MARKETING NA INC,53,ENGIE,BRP_RN_UNIT1,,,
Ranchtown (DGR),10.0,9.9,K0_LD1,K0_UNIT1,2023-10-09,2024-04-30,,Bexar,78023,29.617885,-98.73595,south,,,,2021-10-25,Battery,False,,,South,ENGIE,54,BROAD REACH QSE I LLC (,39,BRP INTERMEDIATECO I LLC,BRP_RN_UNIT1,,,
Ranchtown (DGR),10.0,9.9,K0_LD1,K0_UNIT1,2023-09-01,2023-10-08,,Bexar,78023,29.617885,-98.73595,south,,,,2021-10-25,Battery,False,,,South,ENGIE,54,BROAD REACH QSE I LLC (,4,BRP INTERMEDIATECO I LLC,BRP_RN_UNIT1,,,
Ranchtown (DGR),10.0,9.9,K0_LD1,K0_UNIT1,2023-04-26,2023-08-31,,Bexar,78023,29.617885,-98.73595,south,,,,2021-10-25,Battery,False,,,South,Broad Reach Power LLC,54,BROAD REACH QSE I LLC (,4,BRP INTERMEDIATECO I LLC,BRP_RN_UNIT1,,,
Ranchtown (DGR),10.0,9.9,K0_LD1,K0_UNIT1,2023-03-29,2023-04-25,,Bexar,78023,29.617885,-98.73595,south,,,,2021-10-25,Battery,False,,,South,Broad Reach Power LLC,7,BROAD REACH QSE,4,BRP INTERMEDIATECO I LLC,BRP_RN_UNIT1,,,
Ranchtown (DGR),10.0,9.9,BRP_RNC1_LD1,BRP_RNC1_UNIT1,2021-10-25,2023-03-28,,Bexar,78023,29.617885,-98.73595,south,,,,2021-10-25,Battery,False,,,South,Broad Reach Power LLC,7,BROAD REACH QSE,4,BRP INTERMEDIATECO I LLC,BRP_RN_UNIT1,,,
Radian Storage SLF 2,81.99,169.8,,,2026-05-28,2049-12-31,Texas,Brown,,31.5481,-99.1872,north,,,,2026-05-28,Battery,False,,,North,IPX Power,1157,IPX Power,1143,IPX Power,RADN_SLR_ALL,Tesla,,CATL
Radian Storage SLF 2,81.99,169.8,,,2026-05-28,2049-12-31,Texas,Brown,,31.5481,-99.1872,north,,,,2026-05-28,Battery,False,,,North,TPG Rise Climate,1157,IPX Power,1143,IPX Power,RADN_SLR_ALL,Tesla,,CATL
Radian Storage SLF 1,78.26,161.4,,,2026-05-28,2049-12-31,Texas,Brown,,31.5481,-99.1872,north,,,,2026-05-28,Battery,False,,,North,IPX Power,1157,IPX Power,1143,IPX Power,RADN_SLR_ALL,Tesla,Intersect Power,CATL
Radian Storage SLF 1,78.26,161.4,,,2026-05-28,2049-12-31,Texas,Brown,,31.5481,-99.1872,north,,,,2026-05-28,Battery,False,,,North,TPG Rise Climate,1157,IPX Power,1143,IPX Power,RADN_SLR_ALL,Tesla,Intersect Power,CATL
Rabbit Hill,9.9,9.9,GEORSO_LD2,GEORSO_ESS_1,2023-05-18,2050-01-01,Texas,Williamson,78626,30.587828,-97.68702,south,,,,2020-03-30,Battery,False,,,South,Ormat,25,BOSTON ENERGY TRADING AND MARKETING LLC,28,VIRIDITY ENERGY SOLUTIONS INC,RHESS2_ESS1,,,
Rabbit Hill,9.9,9.9,RHESS2_LD1,RHESS2_ESS_1,2022-02-23,2023-05-16,Texas,Williamson,78626,30.587828,-97.68702,south,,,,2020-03-30,Battery,False,,,South,Ormat,25,BOSTON ENERGY TRADING AND MARKETING LLC,28,VIRIDITY ENERGY SOLUTIONS INC,RHESS2_ESS1,,,
Rabbit Hill,9.9,9.9,RHESS2_LD1,RHESS2_ESS_1,2020-03-30,2022-02-22,Texas,Williamson,78626,30.587828,-97.68702,south,,,,2020-03-30,Battery,False,,,South,Ormat,53,VIRIDITY ENERGY SOLUTIONS INC (QSE),28,VIRIDITY ENERGY SOLUTIONS INC,RHESS2_ESS1,,,
Queen,50.0,75.0,QUEEN_BA_LD1,QUEEN_BA_BESS1,2023-07-31,2050-01-01,TEXAS,Upton,,31.2194444,-102.1922,west,,,,2023-07-31,Co-located battery (solar),True,solar,,West,Enel North America,63,ENEL TRADING NORTH AMERICA LLC (SQ2),15,ENEL TRADING NORTH AMERICA LLC,QUEEN_BA_RN,,,
Pyron 2B,15.0,15.0,PYR_LD3,PYR_ESS2B,2023-07-12,2050-01-31,Texas,Fisher,,32.5886,-100.6728,west,,,,2023-07-07,Battery co-located (wind),True,Wind,,West,RWE,22,RWE CLEAN ENERGY QSE LLC,18,RWE CLEAN ENERGY LLC,PYR_PYRON1,,,
Pyron 2A,15.0,15.0,PYR_LD2,PYR_ESS2A,2023-07-07,2050-01-31,Texas,Fisher,,32.5886,-100.6728,west,,,,2023-07-07,Battery co-located (wind),True,Wind,,West,RWE,22,RWE CLEAN ENERGY QSE LLC,18,RWE CLEAN ENERGY LLC,PYR_PYRON1,,,
Pyron,9.9,9.9,PYR_LD1,PYR_ESS,2018-01-19,2050-01-31,,Fisher,,32.5886,-100.6728,west,,,,2018-01-19,Co-located battery (Wind),True,Wind,,West,RWE,22,RWE CLEAN ENERGY QSE LLC,18,RWE CLEAN ENERGY LLC,PYR_PYRON1,,,
Pueblo 2 (DGR),9.9,10.0,PUEBLO_LD2,PUEBLO_UNIT2,2025-08-21,2050-01-01,,Maverick,78853,28.678935,-100.4637,south,,,,2022-03-08,Battery,False,,,South,ENGIE,77,ENGIE ENERGY MARKETING NA INC,53,ENGIE,BRP_PBL2_RN,,,
Pueblo 2 (DGR),9.9,10.0,BRP_PBL2_LD1,BRP_PBL2_UNIT1,2024-05-01,2025-08-20,,Maverick,78853,28.678935,-100.4637,south,,,,2022-03-08,Battery,False,,,South,ENGIE,77,ENGIE ENERGY MARKETING NA INC,53,ENGIE,BRP_PBL2_RN,,,
Pueblo 2 (DGR),9.9,10.0,BRP_PBL2_LD1,BRP_PBL2_UNIT1,2023-10-09,2024-04-30,,Maverick,78853,28.678935,-100.4637,south,,,,2022-03-08,Battery,False,,,South,ENGIE,54,BROAD REACH QSE I LLC (,39,BRP INTERMEDIATECO I LLC,BRP_PBL2_RN,,,
Pueblo 2 (DGR),9.9,10.0,BRP_PBL2_LD1,BRP_PBL2_UNIT1,2023-09-01,2023-10-08,,Maverick,78853,28.678935,-100.4637,south,,,,2022-03-08,Battery,False,,,South,ENGIE,54,BROAD REACH QSE I LLC (,4,BRP INTERMEDIATECO I LLC,BRP_PBL2_RN,,,
Pueblo 2 (DGR),9.9,10.0,BRP_PBL2_LD1,BRP_PBL2_UNIT1,2023-04-26,2023-08-31,,Maverick,78853,28.678935,-100.4637,south,,,,2022-03-08,Battery,False,,,South,Broad Reach Power LLC,54,BROAD REACH QSE I LLC (,4,BRP INTERMEDIATECO I LLC,BRP_PBL2_RN,,,
Pueblo 2 (DGR),9.9,10.0,BRP_PBL2_LD1,BRP_PBL2_UNIT1,2022-03-09,2023-04-25,,Maverick,78853,28.678935,-100.4637,south,,,,2022-03-08,Battery,False,,,South,Broad Reach Power LLC,7,BROAD REACH QSE,4,BRP INTERMEDIATECO I LLC,BRP_PBL2_RN,,,
Pueblo 1 (DGR),9.9,10.0,PUEBLO_LD1,PUEBLO_UNIT1,2025-08-21,2050-01-01,,Maverick,78853,28.678935,-100.4637,south,,,,2022-02-07,Battery,False,,,South,ENGIE,77,ENGIE ENERGY MARKETING NA INC,53,ENGIE,BRP_PBL1_RN,,,
Pueblo 1 (DGR),9.9,10.0,BRP_PBL1_LD1,BRP_PBL1_UNIT1,2024-05-01,2025-08-20,,Maverick,78853,28.678935,-100.4637,south,,,,2022-02-07,Battery,False,,,South,ENGIE,77,ENGIE ENERGY MARKETING NA INC,53,ENGIE,BRP_PBL1_RN,,,
Pueblo 1 (DGR),9.9,10.0,BRP_PBL1_LD1,BRP_PBL1_UNIT1,2023-10-09,2024-04-30,,Maverick,78853,28.678935,-100.4637,south,,,,2022-02-07,Battery,False,,,South,ENGIE,54,BROAD REACH QSE I LLC (,39,BRP INTERMEDIATECO I LLC,BRP_PBL1_RN,,,
Pueblo 1 (DGR),9.9,10.0,BRP_PBL1_LD1,BRP_PBL1_UNIT1,2023-09-01,2023-10-08,,Maverick,78853,28.678935,-100.4637,south,,,,2022-02-07,Battery,False,,,South,ENGIE,54,BROAD REACH QSE I LLC (,4,BRP INTERMEDIATECO I LLC,BRP_PBL1_RN,,,
Pueblo 1 (DGR),9.9,10.0,BRP_PBL1_LD1,BRP_PBL1_UNIT1,2023-04-26,2023-08-31,,Maverick,78853,28.678935,-100.4637,south,,,,2022-02-07,Battery,False,,,South,Broad Reach Power LLC,54,BROAD REACH QSE I LLC (,4,BRP INTERMEDIATECO I LLC,BRP_PBL1_RN,,,
Pueblo 1 (DGR),9.9,10.0,BRP_PBL1_LD1,BRP_PBL1_UNIT1,2022-02-07,2023-04-25,,Maverick,78853,28.678935,-100.4637,south,,,,2022-02-07,Battery,False,,,South,Broad Reach Power LLC,7,BROAD REACH QSE,4,BRP INTERMEDIATECO I LLC,BRP_PBL1_RN,,,
Prospect (DGR),9.9,9.9,WCOLLOCL_LD1,WCOLLOCL_BSS_U1,2023-07-19,2050-01-31,Texas,Brazoria,77486,29.149166,-95.65111,houston,,,,2020-01-15,Battery,False,,,Coastal,GlidePath,58,HABITAT ENERGY INC (QSE),8,BYRD RANCH STORAGE LLC,BSS_U1,,,
Prospect (DGR),9.9,9.9,WCOLLOCL_LD1,WCOLLOCL_BSS_U1,2023-06-14,2023-07-18,Texas,Brazoria,77486,29.149166,-95.65111,houston,,,,2020-01-15,Battery,False,,,Coastal,GlidePath,9,UNIPER GLOBAL COMMODITIES NORTH AMERICA LLC,8,BYRD RANCH STORAGE LLC,BSS_U1,,,
Prospect (DGR),9.9,9.9,WCOLLDG_LD1,WCOLLDG_BSS_U1,2023-03-23,2023-05-23,Texas,Brazoria,77486,29.149166,-95.65111,houston,,,,2020-01-15,Battery,False,,,Coastal,GlidePath,9,UNIPER GLOBAL COMMODITIES NORTH AMERICA LLC,8,BYRD RANCH STORAGE LLC,BSS_U1,,,
Prospect (DGR),9.9,9.9,WCOLLDG_LD1,WCOLLDG_BSS_U1,2022-07-22,2023-03-22,Texas,Brazoria,77486,29.149166,-95.65111,houston,,,,2020-01-15,Battery,False,,,Coastal,GlidePath,9,UNIPER GLOBAL COMMODITIES NORTH AMERICA LLC,6,WEST COLUMBIA STORAGE LLC,BSS_U1,,,
Prospect (DGR),9.9,9.9,WCOLLDG_LD1,WCOLLDG_BSS_U1,2021-10-13,2022-07-21,Texas,Brazoria,77486,29.149166,-95.65111,houston,,,,2020-01-15,Battery,False,,,Coastal,Quinbrook,9,UNIPER GLOBAL COMMODITIES NORTH AMERICA LLC,6,WEST COLUMBIA STORAGE LLC,BSS_U1,,,
Prospect (DGR),9.9,9.9,WCOLLDG_LD1,WCOLLDG_BSS_U1,2020-01-15,2021-10-12,Texas,Brazoria,77486,29.149166,-95.65111,houston,,,,2020-01-15,Battery,False,,,Coastal,Quinbrook,55,QTWER6,6,WEST COLUMBIA STORAGE LLC,BSS_U1,,,
Prairie Creek,9.9,15.0,PRCRK_LD1,PRCRK_BESS1,2025-09-10,2050-01-01,Texas,Dallas,,32.7739,-96.5954,north,,,,2025-09-10,,False,,,North,SMT Energy,65,TENASKA POWER SERVICES CO,75,SMT TX MANAGEMENT II LLC,PRCRK_RN,FlexGen,SMT Energy,
Poteet,10.0,10.0,,,2026-01-13,2049-12-31,Texas,Atacosa,,29.038631,-98.60988,south,,,,2026-01-13,Battery,False,,,South,Hunt Energy Network,49,HEN POWER MARKETING LLC (SQ1),32,HEN INFRASTRUCTURE LLC 1,POTEETS_RN,,,
Port Lavaca (DGR),9.9,11.9,PRTLAVS_LD1,PRTLAVS_BESS1,2023-02-15,2050-01-01,,Calhoun,77972,28.58673,-96.68376,south,,,,2020-02-01,Battery,False,,,Coastal,Key Capture Energy,13,SOUTH TEXAS ELECTRIC CO OP INC,10,KEY CAPTURE ENERGY LLC 2,PTLBES_BESS1,,,
Port Lavaca (DGR),9.9,11.9,PTLBES_LD1,PTLBES_BESS1,2020-02-01,2023-02-14,,Calhoun,77972,28.58673,-96.68376,south,,,,2020-02-01,Battery,False,,,Coastal,Key Capture Energy,13,SOUTH TEXAS ELECTRIC CO OP INC,10,KEY CAPTURE ENERGY LLC 2,PTLBES_BESS1,,,
Platinum U2,157.0,300.0,,,2026-04-22,2049-12-31,Texas,Fannin,,33.610937,-96.37181,north,345,,,2026-02-26,Battery,False,,,North,ENGIE,1155,ENGIE ENERGY MARKETING NA INC,53,ENGIE,PLATINUM_RN,,ENGIE,
Platinum U2,157.0,300.0,,,2026-02-26,2026-04-21,Texas,Fannin,,33.610937,-96.37181,north,345,,,2026-02-26,Battery,False,,,North,ENGIE,1139,ENGIE ENERGY MARKETING NA INC,53,ENGIE,PLATINUM_RN,,ENGIE,
Platinum U1,153.0,296.0,,,2026-04-22,2049-12-31,Texas,Fannin,,33.610937,-96.37181,north,345,,,2026-02-26,Battery,False,,,North,ENGIE,1155,ENGIE ENERGY MARKETING NA INC,53,ENGIE,PLATINUM_RN,,ENGIE,
Platinum U1,153.0,296.0,,,2026-02-26,2026-04-21,Texas,Fannin,,33.610937,-96.37181,north,345,,,2026-02-26,Battery,False,,,North,ENGIE,1139,ENGIE ENERGY MARKETING NA INC,53,ENGIE,PLATINUM_RN,,ENGIE,
Pirate,9.9,14.3,PIRATE_LD1,PIRATE1_BESS1,2025-06-13,2050-01-01,Texas,San Patricio,,28.028762,-97.522458,south,,9.9,9.9,2025-06-13,Battery,False,,,Coastal,REX Storage Holdings,1114,Tenaska,1093,REGIS SINTON PIRATE LLC,PIRATE_RN,,,
Pine Forest,200.74,400.0,,,2026-05-29,2049-12-31,Texas,Hopkins,,33.100779,-95.39229,north,,,,2026-05-29,Battery,False,,,North,Clearway,1158,Tenaska,1150,Pine Forest Hybrid I LLC,PINEFRST_RN,,Clearway,
Pine Forest,200.74,400.0,,,2026-05-29,2049-12-31,Texas,Hopkins,,33.100779,-95.39229,north,,,,2026-05-29,Battery,False,,,North,AIP Management,1158,Tenaska,1150,Pine Forest Hybrid I LLC,PINEFRST_RN,,Clearway,
Photon 2 (SLF),150.0,230.0,PHO_LD2,PHO_BES2,2025-06-16,2050-01-01,Texas,Wharton,,30.4314742416465,-96.06393933075088,south,,600.0,600.0,2025-06-16,,True,solar PV,106.0,South,Enel North America,1109,ENEL TRADING NORTH AMERICA LLC,15,ENEL TRADING NORTH AMERICA LLC,PHO_ALL,Merit SI LLC,Enel Green Power,
Photon 1,150.0,234.0,PHO_LD1,PHO_BES1,2025-05-13,2050-01-01,Texas,Wharton,,29.191296,-95.96752,south,345,600.0,600.0,2025-05-13,Battery co-located (solar),True,Solar,300.0,South,Enel North America,1109,ENEL TRADING NORTH AMERICA LLC,15,ENEL TRADING NORTH AMERICA LLC,PHO_ALL,,Enel Green Power,
Pavo 2,86.5,87.5,PAVO_ESS_LD2,PAVO_ESS_BESS2,2024-09-06,2050-01-01,Texas,Pecos,,30.885123,-102.4226,west,,,,2024-09-06,Battery,False,,,West,ENGIE,77,ENGIE ENERGY MARKETING NA INC,53,ENGIE,PAVO_ESS_ALL,,ENGIE,
Pavo 1,86.5,87.5,PAVO_ESS_LD1,PAVO_ESS_BESS1,2024-09-06,2050-01-01,Texas,Pecos,,30.885123,-102.4226,west,,,,2024-09-06,Battery,False,,,West,ENGIE,77,ENGIE ENERGY MARKETING NA INC,53,ENGIE,PAVO_ESS_ALL,,,
Pavlov,9.9,9.9,PAVLOV_LD1,PAVLOV_BESS,2024-10-01,2050-01-01,Texas,Matagorda,,28.994112,-96.1262,houston,,,,2024-10-01,Battery,False,,,Coastal,Hunt Energy Network,49,HEN POWER MARKETING LLC (SQ1),32,HEN INFRASTRUCTURE LLC 1,PAVLOV_BT_RN,,HEN Infrastructure,
Pauline (DGR),9.95,9.9,PAULN_LD1,PAULN_BESS,2024-02-22,2050-01-01,Texas,Henderson,,32.335025,-96.0579,north,,,,2024-02-22,Battery,False,,,North,Hunt Energy Network,49,HEN POWER MARKETING LLC (SQ1),32,HEN INFRASTRUCTURE LLC 1,PAULN_RN,,,
Palmview,9.9,24.7,,,2026-06-16,2049-12-31,Texas,Hidalgo,,26.23833,-98.36946,south,138,,,2026-06-16,Battery,False,,,South,Marubeni,1156,GridBeyond,1158,Marubeni,PALMVIEW_RN,,Adapture Renewables,
Paleo,200.8,212.5,PALE_ESS_LD1,PALE_ESS_BES1,2024-10-04,2050-01-01,Texas,Hale,,33.889462,-101.8016,west,,,,2024-10-04,Battery,False,,,Panhandle,ENGIE,77,ENGIE ENERGY MARKETING NA INC,53,ENGIE,PALE_ESS_EN,,ENGIE,
Palacios,9.9,9.9,PALACIOS_LD1,PALACIOS_BESS1,2025-06-18,2050-01-01,Texas,Matagorda,,28.757,-96.21211,south,,,,2024-11-19,Battery,False,,,Coastal,REX Storage Holdings,1114,Tenaska,68,REGIS PALACIOS LLC,PALACIOS_RN,Stem,Regis Energy Partners,
Palacios,9.9,9.9,PALACIOS_LD1,PALACIOS_BESS1,2024-11-19,2025-06-17,Texas,Matagorda,,28.757,-96.21211,south,,,,2024-11-19,Battery,False,,,Coastal,REX Storage Holdings,88,TYR ENERGY LLC,68,REGIS PALACIOS LLC,PALACIOS_RN,Stem,Regis Energy Partners,
Padua 2,150.94,600.0,,,2026-06-02,2049-12-31,Texas,Bexar,,29.325064,-98.32562,south,,,,2026-06-02,Battery,False,,,South,Eolian,6,CPS ENERGY (QSE),3,CPS ENERGY,PAD2_ESS_RN,,Eolian,CATL
Padua 1,51.4,122.0,PAD1_ESS_LD1,PAD1_ESS_BESS1,2025-07-28,2050-01-01,TX,Bexar,,29.325064,-98.32562,south,138,,,2025-07-28,,False,,,SOUTH,Eolian,6,CPS ENERGY (QSE),3,CPS ENERGY,PAD1_ESS_RN,CPS Energy,Eolian,
Olney (DGR),9.9,9.9,OLNEYTN_LD1,OLNEYTN_BESS,2023-05-16,2050-01-01,Texas,Young,,33.371086,-98.72047,north,,,,2023-05-16,Battery,False,,,West,Hunt Energy Network,49,HEN POWER MARKETING LLC (SQ1),32,HEN INFRASTRUCTURE LLC 1,OLNEYTN_RN,,,
Olmito,9.9,20.1,,,2026-04-21,2049-12-31,,Cameron,,26.0063,-97.5253,south,138,,,2026-04-21,Battery,False,,,Coastal,Aggreko,56,Tenaska,1153,Aggreko,OLMITO_RN,,Aggreko,
Odessa SW (DGR),9.9,9.9,ODESW_LD3,ODESW_UNIT1,2024-05-01,2050-01-01,Texas,Ector,79764,31.871315,-102.3984,west,,,,2020-08-30,Battery,False,,,West,ENGIE,77,ENGIE ENERGY MARKETING NA INC,53,ENGIE,ODESW_RN,,,
Odessa SW (DGR),9.9,9.9,ODESW_LD3,ODESW_UNIT1,2023-10-09,2024-04-30,Texas,Ector,79764,31.871315,-102.3984,west,,,,2020-08-30,Battery,False,,,West,ENGIE,54,BROAD REACH QSE I LLC (,39,BRP INTERMEDIATECO I LLC,ODESW_RN,,,
Odessa SW (DGR),9.9,9.9,ODESW_LD3,ODESW_UNIT1,2023-09-01,2023-10-08,Texas,Ector,79764,31.871315,-102.3984,west,,,,2020-08-30,Battery,False,,,West,ENGIE,54,BROAD REACH QSE I LLC (,4,BRP INTERMEDIATECO I LLC,ODESW_RN,,,
Odessa SW (DGR),9.9,9.9,ODESW_LD3,ODESW_UNIT1,2023-04-26,2023-08-31,Texas,Ector,79764,31.871315,-102.3984,west,,,,2020-08-30,Battery,False,,,West,Broad Reach Power LLC,54,BROAD REACH QSE I LLC (,4,BRP INTERMEDIATECO I LLC,ODESW_RN,,,
Odessa SW (DGR),9.9,9.9,ODESW_LD3,ODESW_UNIT1,2023-03-29,2023-04-25,Texas,Ector,79764,31.871315,-102.3984,west,,,,2020-08-30,Battery,False,,,West,Broad Reach Power LLC,7,BROAD REACH QSE,4,BRP INTERMEDIATECO I LLC,ODESW_RN,,,
Odessa SW (DGR),9.9,9.9,BRPODESA_LD1,BRPODESA_UNIT1,2020-08-30,2023-03-28,Texas,Ector,79764,31.871315,-102.3984,west,,,,2020-08-30,Battery,False,,,West,Broad Reach Power LLC,7,BROAD REACH QSE,4,BRP INTERMEDIATECO I LLC,ODESW_RN,,,
OCI Alamo,1.0,0.25,OCI_ALM1_LD1,OCI_ALM1_ASTRO1,2016-08-11,2050-01-01,Texas,Bexar,,,,south,,,,2016-08-11,Battery,True,Solar,,South,Oci Solar Power,5,CPS ENERGY WIND,2,OCI ALAMO 1 LLC,RN_OCI_ALAMO,,,
Notrees,36.0,12.6,NWF_LD1,NWF_NBS,2013-01-01,2050-01-31,Texas,Winkler,,31.995,-102.8283,west,,,,2013-01-01,Battery,True,Wind,153.0,West,Duke Energy,26,DERIVA ENERGY SERVICES LLC,29,NOTREES WINDPOWER LP,NWF_NWF1,Younicos,Duke Energy Renewables,
North Mercedes (DGR),10.0,10.0,N_MERCED_LD1,N_MERCED_BESS,2023-12-14,2050-01-01,TX,Hidalgo,,26.230501,-97.91256,south,,,,2023-12-14,Battery,False,,,South,SMT Energy,65,TENASKA POWER SERVICES CO,41,SMT TX MANAGEMENT LLC,N_MRD_ESR_RN,FlexGen,,
North Fork,100.0,110.0,NF_BRP_LD1,NF_BRP_BES1,2024-05-01,2050-01-01,Texas,Williamson,78642,30.748955,-97.87571,south,,,,2021-10-22,Battery,False,,,South,ENGIE,77,ENGIE ENERGY MARKETING NA INC,53,ENGIE,NF_BRP_RN,,Plus Power,
North Fork,100.0,110.0,NF_BRP_LD1,NF_BRP_BES1,2023-10-09,2024-04-30,Texas,Williamson,78642,30.748955,-97.87571,south,,,,2021-10-22,Battery,False,,,South,ENGIE,54,BROAD REACH QSE I LLC (,39,BRP INTERMEDIATECO I LLC,NF_BRP_RN,,Plus Power,
North Fork,100.0,110.0,NF_BRP_LD1,NF_BRP_BES1,2023-09-01,2023-10-08,Texas,Williamson,78642,30.748955,-97.87571,south,,,,2021-10-22,Battery,False,,,South,ENGIE,54,BROAD REACH QSE I LLC (,4,BRP INTERMEDIATECO I LLC,NF_BRP_RN,,Plus Power,
North Fork,100.0,110.0,NF_BRP_LD1,NF_BRP_BES1,2023-04-26,2023-08-31,Texas,Williamson,78642,30.748955,-97.87571,south,,,,2021-10-22,Battery,False,,,South,Broad Reach Power LLC,54,BROAD REACH QSE I LLC (,4,BRP INTERMEDIATECO I LLC,NF_BRP_RN,,Plus Power,
North Fork,100.0,110.0,NF_BRP_LD1,NF_BRP_BES1,2021-10-22,2023-04-25,Texas,Williamson,78642,30.748955,-97.87571,south,,,,2021-10-22,Battery,False,,,South,Broad Reach Power LLC,7,BROAD REACH QSE,4,BRP INTERMEDIATECO I LLC,NF_BRP_RN,,Plus Power,
North Columbia,50.0,98.0,NCO_LD1,NCO_ESS1,2022-10-05,2050-01-31,,Brazoria,77486,29.15923,-95.6626,houston,,,,2022-09-30,Battery,False,,,Coastal,Key Capture Energy,12,SHELL ENERGY NORTH AMERICA (US) LP,9,KEY CAPTURE ENERGY LLC,NCO_RN,Powin Energy,Key Capture Energy,Mitsubishi Power
North Alamo,10.0,10.0,N_ALAMO_LD1,N_ALAMO_BESS,2023-11-30,2050-01-01,Texas,Hidalgo,,26.230677,-98.11404,south,,,,2023-11-30,Battery,False,,,South,SMT Energy,65,TENASKA POWER SERVICES CO,41,SMT TX MANAGEMENT LLC,N_AL_BESS_RN,,,
Noble 2,62.5,62.5,NOBLESLR_LD2,NOBLESLR_BESS2,2022-10-12,2050-01-31,,Denton,76249,33.261505,-97.23806,north,,,,2022-10-11,Co-located battery (Solar),True,Solar,250.0,North,National Grid Renewables,15,NG RENEWABLES ENERGY SERVICES LLC,12,BT NOBLE SOLAR LLC,NOBLESLR_ALL,,,
Noble 1,62.5,62.5,NOBLESLR_LD1,NOBLESLR_BESS1,2022-10-28,2050-01-31,,Denton,76249,33.261505,-97.23806,north,,,,2022-10-27,Co-located battery (Solar),True,Solar,250.0,North,National Grid Renewables,15,NG RENEWABLES ENERGY SERVICES LLC,12,BT NOBLE SOLAR LLC,NOBLESLR_ALL,,,
Myrtle U2,74.3,119.56,MYR_LD2,MYR_BES2,2025-01-01,2050-01-01,TX,Brazoria,,29.239232,-95.39641,houston,,,,2025-02-28,Battery,True,Solar Farm,379.0,Coastal,TotalEnergies,68,TotalEnergies,42,TotalEnergies,MYR_ALL,,TotalEnergies,
Myrtle U1,74.9,124.44,MYR_LD1,MYR_BES1,2025-01-01,2050-01-01,TX,Brazoria,,29.239232,-95.39641,houston,,,,2025-02-28,Battery,True,Solar Farm,380.0,Coastal,TotalEnergies,68,TotalEnergies,42,TotalEnergies,MYR_ALL,,TotalEnergies,
Mustang Creek,71.0,107.0,MUSTNGCK_LD1,MUSTNGCK_BES1,2024-03-29,2050-01-01,Texas,Jackson,,29.11050328409419,-96.53121195670018,south,,70.5,70.5,2024-03-29,Battery,True,Solar Farm,150.0,South,Enel North America,74,ENEL TRADING NORTH AMERICA LLC,15,ENEL TRADING NORTH AMERICA LLC,MUSTNGCK_ALL,,Enel Green Power,
Mustang Bayou,9.99,19.7,MU_LD1,MU_BESS,2025-09-04,2050-01-01,Texas,Brazoria,77511,29.4744,-95.1809,houston,,9.99,9.99,2025-06-04,,False,,,Coast,On.Energy,56,Tenaska,1094,MAVERICK CLEAN ENERGY CENTER LLC,MU_RN,On.Energy,On.Energy,
Mustang Bayou,9.99,19.7,MU_LD1,MU_BESS,2025-06-04,2025-09-03,Texas,Brazoria,77511,29.4744,-95.1809,houston,,9.99,9.99,2025-06-04,,False,,,Coast,On.Energy,1106,TYR ENERGY LLC,1094,MAVERICK CLEAN ENERGY CENTER LLC,MU_RN,On.Energy,On.Energy,
Muenster,9.9,12.1,MUENSTER_LD1,MUENSTER_BESS1,2025-07-02,2050-01-01,Texas,Cooke,,33.5688,-97.3353,north,,,,2025-05-22,,False,,,North,REX Storage Holdings,1114,Tenaska,1088,REGIS MUENSTER LLC,MUENSTER_RN,,AUI Partners,
Muenster,9.9,12.1,MUENSTER_LD1,MUENSTER_BESS1,2025-05-22,2025-07-01,Texas,Cooke,,33.5688,-97.3353,north,,,,2025-05-22,,False,,,North,REX Storage Holdings,88,TYR ENERGY LLC,1088,REGIS MUENSTER LLC,MUENSTER_RN,,AUI Partners,
Moore Field,9.9,9.9,MOORE_FL_LD1,MOORE_FL_BESS1,2025-06-18,2050-01-01,Texas,Hidalgo,,26.3597,-98.3148,south,,,,2024-10-18,Battery,False,,,South,REX Storage Holdings,1114,Tenaska,62,REGIS MONTE CRISTO LLC,MOORE_FL_RN,Stem,Regis Energy Partners,
Moore Field,9.9,9.9,MOORE_FL_LD1,MOORE_FL_BESS1,2024-10-18,2025-06-17,Texas,Hidalgo,,26.3597,-98.3148,south,,,,2024-10-18,Battery,False,,,South,REX Storage Holdings,88,TYR ENERGY LLC,62,REGIS MONTE CRISTO LLC,MOORE_FL_RN,Stem,Regis Energy Partners,
Mineral Wells East (DGR),9.9,9.9,MNWLE_LD1,MNWLE_BESS,2024-02-16,2050-01-01,Texas,Palo Pinto,,32.798754,-98.06497,north,,9.9,9.9,2024-02-16,Battery,False,,,North,Hunt Energy Network,49,HEN POWER MARKETING LLC (SQ1),32,HEN INFRASTRUCTURE LLC 1,MNWL_BESS_RN,,,
Milton,9.9,13.4,,,2026-03-19,2050-01-01,Texas,Karnes,,29.057397,-97.78802,,138,,,2026-03-19,Battery,False,,,South,REX Storage Holdings,1114,Tenaska,1138,Regis Milton LLC,MILTON_RN,,Regis Energy Partners,
Midway,9.95,9.95,MIDWY_LD9,MIDWY_BESS1,2025-05-05,2050-01-01,Texas,Ector,,31.9771,-102.475,west,,,,2025-05-05,,False,,,West,Prologis,102,PROLOGIS ENERGY LLC,1087,MIDWAY BESS STATION LLC,MIDWY_RN,FlexGen,Prologis,
Mesquite,9.9,19.8,,,2026-03-05,2050-01-01,Texas,Cameron,,26.098447,-97.82261,,138,,,2026-03-05,Battery,False,,,Coastal,On.Energy,56,Tenaska,1139,BESS La Feria LLC,MESQUITE_RN,,Grenergy,
Medina Lake,9.8,13.4,,,2026-04-06,2049-12-31,Texas,Bandera,,29.612674,-98.93509,south,,,,2026-04-06,Battery,False,,,South,Regis Medina Lake LLC,1114,Tenaska,1144,Regis Medina Lake LLC,MEDILA_RN,,,
Meadow Park,9.9,23.0,,,2026-04-09,2049-12-31,,Tarrant,,32.84591,-97.22742,north,138,,,2026-04-09,Battery,False,,,North,CleanAmps,56,Tenaska,1147,Meadow Park BESS LLC,MDWPK_RN,,CleanAmps,
Mayberry 2,9.9,14.5,MAYBERRY_LD2,MAYBERRY_BESS2,2025-01-21,2050-01-01,Texas,Hidalgo,,26.1897,-98.3229,south,,,,2025-01-21,Battery,False,,,South,SMT Energy,65,TENASKA POWER SERVICES CO,75,SMT TX MANAGEMENT II LLC,MYRY_BES2_RN,FlexGen,SMT Energy,
Mayberry,10.0,10.0,MAYBERRY_LD1,MAYBERRY_BESS,2023-12-20,2050-01-01,Texas,Cameron,,26.189433,-98.32293,south,,10.0,10.0,2023-12-20,Battery,False,,,Coastal,SMT Energy,65,TENASKA POWER SERVICES CO,41,SMT TX MANAGEMENT LLC,MYRY_ESR_RN,,,
Mainland (DGR),9.9,9.9,MAINLAND_LD1,MAINLAND_BESS,2024-06-21,2050-01-01,Texas,Galveston,,29.39521,-95.04077,houston,,9.9,9.9,2024-06-21,Battery,False,,,Houston,Hunt Energy Network,49,HEN POWER MARKETING LLC (SQ1),32,HEN INFRASTRUCTURE LLC 1,MAINLAND_RN,,HEN Infrastructure,
Magnolia (DGR),9.9,9.9,MAGNO_TN_LD1,MAGNO_TN_UNIT1,2024-05-01,2050-01-01,,Galveston,77573,29.488335,-95.13395,houston,,,,2021-01-13,Battery,False,,,Houston,ENGIE,77,ENGIE ENERGY MARKETING NA INC,53,ENGIE,BRPMAGNO_RN,,,
Magnolia (DGR),9.9,9.9,MAGNO_TN_LD1,MAGNO_TN_UNIT1,2023-10-09,2024-04-30,,Galveston,77573,29.488335,-95.13395,houston,,,,2021-01-13,Battery,False,,,Houston,ENGIE,54,BROAD REACH QSE I LLC (,39,BRP INTERMEDIATECO I LLC,BRPMAGNO_RN,,,
Magnolia (DGR),9.9,9.9,MAGNO_TN_LD1,MAGNO_TN_UNIT1,2023-09-01,2023-10-08,,Galveston,77573,29.488335,-95.13395,houston,,,,2021-01-13,Battery,False,,,Houston,ENGIE,54,BROAD REACH QSE I LLC (,4,BRP INTERMEDIATECO I LLC,BRPMAGNO_RN,,,
Magnolia (DGR),9.9,9.9,MAGNO_TN_LD1,MAGNO_TN_UNIT1,2023-04-26,2023-08-31,,Galveston,77573,29.488335,-95.13395,houston,,,,2021-01-13,Battery,False,,,Houston,Broad Reach Power LLC,54,BROAD REACH QSE I LLC (,4,BRP INTERMEDIATECO I LLC,BRPMAGNO_RN,,,
Magnolia (DGR),9.9,9.9,MAGNO_TN_LD1,MAGNO_TN_UNIT1,2022-10-26,2023-04-25,,Galveston,77573,29.488335,-95.13395,houston,,,,2021-01-13,Battery,False,,,Houston,Broad Reach Power LLC,7,BROAD REACH QSE,4,BRP INTERMEDIATECO I LLC,BRPMAGNO_RN,,,
Magnolia (DGR),9.9,9.9,BRPMAGNO_LD1,BRPMAGNO_UNIT1,2021-01-13,2022-10-25,,Galveston,77573,29.488335,-95.13395,houston,,,,2021-01-13,Battery,False,,,Houston,Broad Reach Power LLC,7,BROAD REACH QSE,4,BRP INTERMEDIATECO I LLC,BRPMAGNO_RN,,,
Madero Grid 2,100.0,273.0,MADERO_LD2,MADERO_UNIT2,2024-04-17,2050-01-01,Texas,Hidalgo,,26.166944,-98.325,south,,,,2023-03-17,Battery,False,,,South,Eolian,23,TENASKA POWER SERVICES CO,30,MADERO GRID LLC,MADERO_RN,Wartsila,Able Grid Energy Solutions,
Madero Grid 2,100.0,273.0,MADERO_LD2,MADERO_UNIT2,2023-03-17,2024-04-16,Texas,Hidalgo,,26.166944,-98.325,south,,,,2023-03-17,Battery,False,,,South,Eolian,51,ENGIE ENERGY MARKETING NA INC,30,MADERO GRID LLC,MADERO_RN,Wartsila,Able Grid Energy Solutions,
Madero Grid 1,100.0,273.0,MADERO_LD1,MADERO_UNIT1,2024-04-17,2050-01-01,Texas,Hidalgo,,26.169846,-98.32979,south,,,,2023-03-17,Battery,False,,,South,Eolian,23,TENASKA POWER SERVICES CO,30,MADERO GRID LLC,MADERO_RN,Wartsila,Able Grid Energy Solutions,
Madero Grid 1,100.0,273.0,MADERO_LD1,MADERO_UNIT1,2023-03-17,2024-04-16,Texas,Hidalgo,,26.169846,-98.32979,south,,,,2023-03-17,Battery,False,,,South,Eolian,50,MADERO GRID LLC,30,MADERO GRID LLC,MADERO_RN,Wartsila,Able Grid Energy Solutions,
Lyssy,9.9,13.5,,,2026-02-20,2050-01-01,Texas,Wilson,,28.894339,-98.12413,,69,,,2026-02-20,,False,,,South,REX Storage Holdings,1114,Tenaska,1129,REGIS LYSSY LLC,LYSSY_RN,Stem,Regis Energy Partners,
Lufkin South (DGR),9.9,9.9,LFSTH_LD1,LFSTH_BESS,2024-02-21,2050-01-01,Texas,Angelina,,31.291983,-94.72424,north,,9.9,9.899997,2024-02-21,Battery,False,,,North,Hunt Energy Network,49,HEN POWER MARKETING LLC (SQ1),32,HEN INFRASTRUCTURE LLC 1,LFSTH_RN,,,
Lucky Bluff,100.0,197.0,LUCKYBLU_LD1,LUCKYBLU_UNIT1,2026-04-01,2049-12-31,Texas,Erath,,32.1342,-98.275519,north,138,,,2025-12-24,Battery,False,,,North,Brookfield Renewable,1154,Brookfield Renewable Trading and Marketing,1122,LUCKY BLUFF BESS LLC,LUCKYBLU_RN,Tesla,Brookfield Renewable,CATL
Lucky Bluff,100.0,197.0,LUCKYBLU_LD1,LUCKYBLU_UNIT1,2025-12-24,2026-03-31,Texas,Erath,,32.1342,-98.275519,north,138,,,2025-12-24,Battery,False,,,North,Brookfield Renewable,1142,Brookfield Renewable Trading and Marketing,1122,LUCKY BLUFF BESS LLC,LUCKYBLU_RN,Tesla,Brookfield Renewable,CATL
Lower Rio,60.0,120.0,LOWR_ESS_LD1,LOWR_ESS_BESS1,2026-02-25,2050-01-01,Texas,Hidalgo,,26.206944,-98.05889,south,,,,2025-08-12,Battery,False,,,South,Ormat,64,BOSTON ENERGY TRADING AND MARKETING LLC,1105,VESI 38 LLC (DME),LOWR_ESS_RN,,,
Lower Rio,60.0,120.0,LOWR_ESS_LD1,LOWR_ESS_BESS1,2025-08-12,2026-02-24,Texas,Hidalgo,,26.206944,-98.05889,south,,,,2025-08-12,Battery,False,,,South,Ormat,1123,UMBRA ASSET MANAGEMENT LLC (QSE),1105,VESI 38 LLC (DME),LOWR_ESS_RN,,,
Los Fresnos (DGR),10.0,10.0,L_FRESNO_LD2,L_FRESNO_BESS,2023-11-30,2050-01-01,TX,Cameron,,26.074676,-97.52318,south,,,,2023-11-30,Battery,False,,,Coastal,SMT Energy,65,TENASKA POWER SERVICES CO,41,SMT TX MANAGEMENT LLC,L_FRE_ESR_RN,,,
Lopeno (DGR),9.9,10.0,LOPENO_LD1,LOPENO_UNIT1,2024-05-01,2050-01-01,,Zapata,78564,26.687614,-99.10942,south,,,,2022-02-02,Battery,False,,,South,ENGIE,77,ENGIE ENERGY MARKETING NA INC,53,ENGIE,BRP_LOP1_RN,,,
Lopeno (DGR),9.9,10.0,LOPENO_LD1,LOPENO_UNIT1,2023-10-09,2024-04-30,,Zapata,78564,26.687614,-99.10942,south,,,,2022-02-02,Battery,False,,,South,ENGIE,54,BROAD REACH QSE I LLC (,39,BRP INTERMEDIATECO I LLC,BRP_LOP1_RN,,,
Lopeno (DGR),9.9,10.0,LOPENO_LD1,LOPENO_UNIT1,2023-09-28,2023-10-08,,Zapata,78564,26.687614,-99.10942,south,,,,2022-02-02,Battery,False,,,South,ENGIE,54,BROAD REACH QSE I LLC (,4,BRP INTERMEDIATECO I LLC,BRP_LOP1_RN,,,
Lopeno (DGR),9.9,10.0,BRP_LOP1_LD1,BRP_LOP1_UNIT1,2023-09-01,2023-09-27,,Zapata,78564,26.687614,-99.10942,south,,,,2022-02-02,Battery,False,,,South,ENGIE,54,BROAD REACH QSE I LLC (,4,BRP INTERMEDIATECO I LLC,BRP_LOP1_RN,,,
Lopeno (DGR),9.9,10.0,BRP_LOP1_LD1,BRP_LOP1_UNIT1,2023-04-26,2023-08-31,,Zapata,78564,26.687614,-99.10942,south,,,,2022-02-02,Battery,False,,,South,Broad Reach Power LLC,54,BROAD REACH QSE I LLC (,4,BRP INTERMEDIATECO I LLC,BRP_LOP1_RN,,,
Lopeno (DGR),9.9,10.0,BRP_LOP1_LD1,BRP_LOP1_UNIT1,2022-02-02,2023-04-25,,Zapata,78564,26.687614,-99.10942,south,,,,2022-02-02,Battery,False,,,South,Broad Reach Power LLC,7,BROAD REACH QSE,4,BRP INTERMEDIATECO I LLC,BRP_LOP1_RN,,,
Loop 463 (DGR),9.9,10.0,L_463S_LD1,L_463S_UNIT1,2024-05-01,2050-01-01,Texas,Victoria,77905,28.816475,-97.07487,south,,,,2021-09-02,Battery,False,,,South,ENGIE,77,ENGIE ENERGY MARKETING NA INC,53,ENGIE,BRP_LOOP_RN,,,
Loop 463 (DGR),9.9,10.0,L_463S_LD1,L_463S_UNIT1,2023-10-09,2024-04-30,Texas,Victoria,77905,28.816475,-97.07487,south,,,,2021-09-02,Battery,False,,,South,ENGIE,54,BROAD REACH QSE I LLC (,39,BRP INTERMEDIATECO I LLC,BRP_LOOP_RN,,,
Loop 463 (DGR),9.9,10.0,L_463S_LD1,L_463S_UNIT1,2023-09-01,2023-10-08,Texas,Victoria,77905,28.816475,-97.07487,south,,,,2021-09-02,Battery,False,,,South,ENGIE,54,BROAD REACH QSE I LLC (,4,BRP INTERMEDIATECO I LLC,BRP_LOOP_RN,,,
Loop 463 (DGR),9.9,10.0,L_463S_LD1,L_463S_UNIT1,2023-04-26,2023-08-31,Texas,Victoria,77905,28.816475,-97.07487,south,,,,2021-09-02,Battery,False,,,South,Broad Reach Power LLC,54,BROAD REACH QSE I LLC (,4,BRP INTERMEDIATECO I LLC,BRP_LOOP_RN,,,
Loop 463 (DGR),9.9,10.0,L_463S_LD1,L_463S_UNIT1,2023-03-08,2023-04-25,Texas,Victoria,77905,28.816475,-97.07487,south,,,,2021-09-02,Battery,False,,,South,Broad Reach Power LLC,7,BROAD REACH QSE,4,BRP INTERMEDIATECO I LLC,BRP_LOOP_RN,,,
Loop 463 (DGR),9.9,10.0,BRP_4631_LD1,BRP_4631_UNIT1,2021-09-02,2023-03-07,Texas,Victoria,77905,28.816475,-97.07487,south,,,,2021-09-02,Battery,False,,,South,Broad Reach Power LLC,7,BROAD REACH QSE,4,BRP INTERMEDIATECO I LLC,BRP_LOOP_RN,,,
Longbow,174.0,348.0,LON_LD1,LON_BES1,2025-05-14,2050-01-01,Texas,Brazoria,,29.291607,-95.30289,houston,138,,,2025-05-14,Battery,True,Solar,78.0,Coastal,Tokyo Gas America,56,Tenaska,1092,LONGBOW BESS LLC,LON_RN1,,Tokyo Gas America,
Lonestar,9.95,9.9,LONESTAR_LD9,LONESTAR_BESS,2022-12-01,2050-01-01,Texas,Ward,79777,31.594864,-103.2498,west,,,,2022-08-25,Battery,False,,,West,Hunt Energy Network,49,HEN POWER MARKETING LLC (SQ1),13,HEN INFRASTRUCTURE LLC,LONESTAR_RN,,,
Lonestar,9.95,9.9,LONESTAR_LD9,LONESTAR_BESS,2022-08-25,2022-11-30,Texas,Ward,79777,31.594864,-103.2498,west,,,,2022-08-25,Battery,False,,,West,Hunt Energy Network,16,HEN POWER MARKETING LLC,13,HEN INFRASTRUCTURE LLC,LONESTAR_RN,,,
Limousin Oak,105.0,226.8,LMO_LD1,LMO_BESS1,2024-09-11,2050-01-01,Texas,Grimes,,30.65991,-95.9738,north,,,,2024-09-11,Battery,False,,,North,Key Capture Energy,12,SHELL ENERGY NORTH AMERICA (US) LP,9,KEY CAPTURE ENERGY LLC,LMO_ESR_RN,,,
Lily,50.0,65.0,LILY_LD1,LILY_BESS1,2021-10-08,2050-01-31,,Kaufman,75158,32.533273,-96.42899,north,,,,2021-10-08,Co-located battery (Solar),True,Solar,,North,Enel North America,20,ENEL TRADING NORTH AMERICA LLC,15,ENEL TRADING NORTH AMERICA LLC,LILY_RN,,Enel Green Power,
Liggett Switch,9.8,9.5,LIGSW_LD1,LIGSW_BESS1,2024-12-19,2050-01-01,Texas,Dallas,,32.788,-96.9605,north,,,,2024-12-19,Battery,False,,,North,Prologis,102,PROLOGIS ENERGY LLC,74,ESTX PLD ARLINGTON1 LLC,LIGSW_RN,,Prologis,
Libra,200.0,200.0,LBRA_ESS_LD1,LBRA_ESS_BES1,2024-04-09,2050-01-01,Texas,Guadalupe,,29.5019,-98.01277,south,,200.0,200.0,2024-04-09,Battery,False,,,South,ENGIE,75,ENGIE ENERGY MARKETING NA INC,50,ENGIE ENERGY MARKETING NA INC,LBRA_BES1,,,
Laureles,9.9,12.0,,,2026-02-06,2050-01-01,,Cameron,,26.122395,-97.54792,,69,,,2026-02-06,,False,,,South,REX Storage Holdings,1114,Tenaska,1131,REGIS LAURELES LLC,LAUR_BESS_RN,Stem,Regis Energy Partners,
Lantana,9.9,20.1,,,2026-04-28,2049-12-31,,Nueces,,27.8104,-97.4674,south,69,,,2026-04-28,Battery,False,,,Coastal,Aggreko,56,Tenaska,1151,Aggreko,LANTANA_RN,,Aggreko,
Kingsbery,1.5,3.0,,DG_KB_ESS_KB_ESS,2017-01-01,2050-01-31,Texas,Travis,78721,30.266028,-97.68614,south,,,,2017-01-01,Battery,True,Solar,,South,Austin Energy,69,Austin Energy,43,Austin Energy,,,,
Junction North,9.9,20.0,JUNORTH_LD1,JUNORTH_BES1,2025-09-04,2050-01-01,,Kimble,,30.58607,-99.63211,south,,,,2025-03-03,,False,,,South,Adapture Renewables,56,Tenaska,1084,SBESS TX 5 LLC,JUNORTH_RN,,Adapture Renewables,
Junction North,9.9,20.0,JUNORTH_LD1,JUNORTH_BES1,2025-03-03,2025-09-03,,Kimble,,30.58607,-99.63211,south,,,,2025-03-03,,False,,,South,Adapture Renewables,104,TYR ENERGY LLC,1084,SBESS TX 5 LLC,JUNORTH_RN,,Adapture Renewables,
Junction (DGR),9.9,9.9,JUNCTION_LD1,JUNCTION_BESS,2023-10-24,2050-01-31,TX,Kimble,,30.492453,-99.7702,south,,,,2023-10-24,Battery,False,,,South,Hunt Energy Network,49,HEN POWER MARKETING LLC (SQ1),32,HEN INFRASTRUCTURE LLC 1,JUNCTION_RN,,,
Judkins (DGR),9.9,9.9,JDKNS_LD7,JDKNS_BESS,2024-02-22,2050-01-01,Texas,Ector,,31.715592,-102.5981,west,,9.9,9.9,2024-02-22,Battery,False,,,West,Hunt Energy Network,49,HEN POWER MARKETING LLC (SQ1),32,HEN INFRASTRUCTURE LLC 1,JDKNS_RN,,,
Johnson City,2.3,2.3,JOHNCI_LD1,JOHNCI_UNIT_1,2023-09-28,2050-01-01,Texas,Blanco,,30.300856,-98.398922,south,,,,2020-11-10,Battery,False,,,South,Pedernales Electric Cooperative,8,LOWER COLORADO RIVER AUTHORITY,5,PEDERNALES ELECTRIC COOPERATIVE INC,JC_BAT_RN,,,
Johnson City,2.3,2.3,JC_BAT_LD1,JC_BAT_UNIT_1,2020-11-10,2023-09-27,Texas,Blanco,,30.300856,-98.398922,south,,,,2020-11-10,Battery,False,,,South,Pedernales Electric Cooperative,8,LOWER COLORADO RIVER AUTHORITY,5,PEDERNALES ELECTRIC COOPERATIVE INC,JC_BAT_RN,,,
Jarvis U2,154.2,220.5,JAR_LD2,JAR_BES2,2025-06-12,2050-01-01,Texas,Brazoria,,29.455923,-95.311406,houston,,154.2,154.2,2025-06-12,Battery,False,,,Coastal,SMT Energy,92,HABITAT ENERGY INC (QSE),64,HABITAT ENERGY INC (DME),JAR_RN,,Aggreko,
Jarvis U1,154.2,220.5,JAR_LD1,JAR_BES1,2025-06-12,2050-01-01,Texas,Brazoria,,29.455923,-95.311406,houston,,154.2,154.2,2025-06-12,Battery,False,,,Coastal,SMT Energy,92,HABITAT ENERGY INC (QSE),64,HABITAT ENERGY INC (DME),JAR_RN,,Aggreko,
Jaguar 2,157.1,340.0,JAG_SLR_LD2,JAG_SLR_BESS2,2025-09-09,2050-01-01,Texas,McLennan,,31.59992,-96.97054,,,,,2025-09-09,,True,Solar,300.0,North,Perfect Power,1130,Mitsui and Co Energy Market and Services,1113,Mitsui and Co Energy Marketing and Services,JAG_SLR_RN,,,
Jaguar 1,157.1,340.0,JAG_SLR_LD1,JAG_SLR_BESS1,2025-12-22,2050-01-01,Texas,McLennan,,31.5993,-96.8633,north,345,,,2025-12-22,,True,Solar,300.0,North,Perfect Power,8,LOWER COLORADO RIVER AUTHORITY,1110,LOWER COLORADO RIVER AUTHORITY,JAG_SLR_RN,,,
Jade 2 (SLF),82.3,164.0,JADE_SLR_LD2,JADE_SLR_BESS2,2026-04-18,2049-12-31,Texas,Scurry,,32.90652,-101.00786,west,345,,,2025-09-29,Battery,True,Solar,320.0,West,IPX Power,1126,IP LUMINA LLC,1143,IPX Power,JADE_SLR_ALL,,Intersect Power,Tesla
Jade 2 (SLF),82.3,164.0,JADE_SLR_LD2,JADE_SLR_BESS2,2025-09-29,2026-04-17,Texas,Scurry,,32.90652,-101.00786,west,345,,,2025-09-29,Battery,True,Solar,320.0,West,IPX Power,1126,IP LUMINA LLC,1108,IP LUMINA LLC,JADE_SLR_ALL,,Intersect Power,Tesla
Jade 1 (SLF),78.5,156.0,JADE_SLR_LD1,JADE_SLR_BESS1,2026-04-18,2049-12-31,Texas,Scurry,,32.90652,-101.00786,west,345,,,2025-09-29,Battery,True,Solar,320.0,West,IPX Power,1126,IP LUMINA LLC,1143,IPX Power,JADE_SLR_ALL,,Intersect Power,Tesla
Jade 1 (SLF),78.5,156.0,JADE_SLR_LD1,JADE_SLR_BESS1,2025-09-29,2026-04-17,Texas,Scurry,,32.90652,-101.00786,west,345,,,2025-09-29,Battery,True,Solar,320.0,West,IPX Power,1126,IP LUMINA LLC,1108,IP LUMINA LLC,JADE_SLR_ALL,,Intersect Power,Tesla
Inertia,13.0,49.4,INRT_W_LD1,INRT_W_BESS_1,2025-10-01,2050-01-01,Texas,Haskell,,33.177277,-99.56774,west,,,,2025-10-01,,True,Wind,301.3,West,NextEra Energy Resources,1134,NextEra Energy Marketing LLC,1106,NEXTERA ENERGY RESOURCES LLC (DME),INRT_W_ALL,,,
Inadale,9.9,9.9,INDL_LD1,INDL_ESS,2018-01-08,2050-01-31,,Nolan,,32.4969,-100.5797,west,,,,2018-01-08,Co-located battery (Wind),False,Wind,,West,RWE,22,RWE CLEAN ENERGY QSE LLC,18,RWE CLEAN ENERGY LLC,IND_INADALE1,,,
Hydra,200.8,200.8,HYDR_ESS_LD1,HYDR_ESS_BES1,2024-10-04,2050-01-01,Texas,Pecos,,30.992905,-102.2895,west,,,,2024-10-04,Battery,False,,,West,ENGIE,77,ENGIE ENERGY MARKETING NA INC,53,ENGIE,HYDR_ESS_RN,,ENGIE,
Hummingbird,103.8,227.0,HMNG_ESS_LD1,HMNG_ESS_BESS1,2025-10-01,2050-01-01,Texas,Denton,,33.3256,-97.31433,north,,,,2024-10-11,Battery,False,,,North,Key Capture Energy,1137,MERCURIA ENERGY AMERICA LLC,59,MERCURIA ENERGY AMERICA LLC,HMNG_ESS_RN,,,
Hummingbird,103.8,227.0,HMNG_ESS_LD1,HMNG_ESS_BESS1,2024-10-11,2025-09-30,Texas,Denton,,33.3256,-97.31433,north,,,,2024-10-11,Battery,False,,,North,Key Capture Energy,12,SHELL ENERGY NORTH AMERICA (US) LP,9,KEY CAPTURE ENERGY LLC,HMNG_ESS_RN,,,
House Mountain,60.0,134.6,HOUSEMTN_LD1,HOUSEMTN_BESS1,2026-01-07,2050-01-01,Texas,Brewster,,30.495668,-103.451,west,,,,2023-12-21,Battery,False,,,West,Jupiter Power,1110,JUPITER POWER ENERGY MANAGEMENT LLC,46,HOUSE MOUNTAIN LLC,HOUSEMTN_RN,,,
House Mountain,60.0,134.6,HOUSEMTN_LD1,HOUSEMTN_BESS1,2025-05-01,2026-01-06,Texas,Brewster,,30.495668,-103.451,west,,,,2023-12-21,Battery,False,,,West,Jupiter Power,1112,Jupiter Power Energy Management LLC,46,HOUSE MOUNTAIN LLC,HOUSEMTN_RN,,,
House Mountain,60.0,134.6,HOUSEMTN_LD1,HOUSEMTN_BESS1,2023-12-21,2025-04-30,Texas,Brewster,,30.495668,-103.451,west,,,,2023-12-21,Battery,False,,,West,Jupiter Power,14,TENASKA POWER SERVICES CO,46,HOUSE MOUNTAIN LLC,HOUSEMTN_RN,,,
Holy U2,104.7,102.2,HLY_LD2,HLY_BESS2,2024-12-30,2050-01-01,Texas,Harris,,29.87389002011175,-95.02113088593755,houston,,,,2024-12-30,Battery,False,,,Houston,UBS Asset Management,92,HABITAT ENERGY INC (QSE),64,HABITAT ENERGY INC (DME),HLY_RN,Canadian Solar,UBS Asset Management,Canadian Solar
Holy U1,104.7,102.2,HLY_LD1,HLY_BESS1,2024-12-30,2050-01-01,Texas,Harris,,29.87389002011175,-95.02113088593755,houston,138,,,2024-12-30,Battery,False,,,Houston,UBS Asset Management,92,HABITAT ENERGY INC (QSE),64,HABITAT ENERGY INC (DME),HLY_RN,Canadian Solar,UBS Asset Management,Canadian Solar
Holcomb (DGR),9.9,9.9,HOLCOMB_LD1,HOLCOMB_BESS,2023-01-26,2050-01-01,Texas,La Salle,,28.03534,-99.36173,south,,,,2023-01-26,Battery,False,,,South,Hunt Energy Network,49,HEN POWER MARKETING LLC (SQ1),13,HEN INFRASTRUCTURE LLC,HOLCOMB_RN1,,,
Hoefs Road (DGR),2.0,2.0,HRBESS_LD2,HRBESS_BESS,2024-05-17,2050-01-01,,Reeves,,31.031247,-103.4626,west,,,,2021-05-19,Battery,False,,,West,Form Energy,16,HEN POWER MARKETING LLC,47,YHOEFS,HRBESS_BESS,,,
Hoefs Road (DGR),2.0,2.0,HRBESS_LD2,HRBESS_BESS,2024-03-26,2024-05-16,,Reeves,,31.031247,-103.4626,west,,,,2021-05-19,Battery,False,,,West,Hunt Energy Network,16,HEN POWER MARKETING LLC,47,YHOEFS,HRBESS_BESS,,,
Hoefs Road (DGR),2.0,2.0,HRBESS_LD2,HRBESS_BESS,2022-12-02,2024-03-25,,Reeves,,31.031247,-103.4626,west,,,,2021-05-19,Battery,False,,,West,Hunt Energy Network,16,HEN POWER MARKETING LLC,13,HEN INFRASTRUCTURE LLC,HRBESS_BESS,,,
Hoefs Road (DGR),2.0,2.0,HRBESS_LD1,HRBESS_BESS,2021-05-19,2022-12-01,,Reeves,,31.031247,-103.4626,west,,,,2021-05-19,Battery,False,,,West,Hunt Energy Network,16,HEN POWER MARKETING LLC,13,HEN INFRASTRUCTURE LLC,HRBESS_BESS,,,
High Lonesome,50.0,75.0,HI_LONEB_LD1,HI_LONEB_BESS1,2023-06-27,2050-01-01,Texas,Crockett,,31.171652,-101.8811,west,,,,2023-06-27,Battery co-located (wind),True,wind,500.0,West,Enel North America,62,ENEL TRADING NORTH AMERICA LLC,15,ENEL TRADING NORTH AMERICA LLC,HI_LONEB_RN1,,,
Hidden Valley,9.9,14.3,,,2026-02-13,2050-01-01,Texas,Harris,,29.909626,-95.42364,,69,,,2026-02-13,,False,,,Coastal,REX Storage Holdings,1114,Tenaska,1136,REGIS HIDDEN VALLEY LLC,HV_BESS1_RN,Stem,Regis Energy Partners,
Heights (DGR),9.9,9.9,HEIGHTTN_LD1,HEIGHTTN_UNIT1,2024-05-01,2050-01-01,,Galveston,77590,29.389595,-94.94987,houston,,,,2020-12-10,Battery,False,,,Houston,ENGIE,77,ENGIE ENERGY MARKETING NA INC,53,ENGIE,BRHEIGHT_RN,,,
Heights (DGR),9.9,9.9,HEIGHTTN_LD1,HEIGHTTN_UNIT1,2023-10-09,2024-04-30,,Galveston,77590,29.389595,-94.94987,houston,,,,2020-12-10,Battery,False,,,Houston,ENGIE,54,BROAD REACH QSE I LLC (,39,BRP INTERMEDIATECO I LLC,BRHEIGHT_RN,,,
Heights (DGR),9.9,9.9,HEIGHTTN_LD1,HEIGHTTN_UNIT1,2023-09-01,2023-10-08,,Galveston,77590,29.389595,-94.94987,houston,,,,2020-12-10,Battery,False,,,Houston,ENGIE,54,BROAD REACH QSE I LLC (,4,BRP INTERMEDIATECO I LLC,BRHEIGHT_RN,,,
Heights (DGR),9.9,9.9,HEIGHTTN_LD1,HEIGHTTN_UNIT1,2023-04-26,2023-08-31,,Galveston,77590,29.389595,-94.94987,houston,,,,2020-12-10,Battery,False,,,Houston,Broad Reach Power LLC,54,BROAD REACH QSE I LLC (,4,BRP INTERMEDIATECO I LLC,BRHEIGHT_RN,,,
Heights (DGR),9.9,9.9,HEIGHTTN_LD1,HEIGHTTN_UNIT1,2022-10-19,2023-04-25,,Galveston,77590,29.389595,-94.94987,houston,,,,2020-12-10,Battery,False,,,Houston,Broad Reach Power LLC,7,BROAD REACH QSE,4,BRP INTERMEDIATECO I LLC,BRHEIGHT_RN,,,
Heights (DGR),9.9,9.9,BRHEIGHT_LD1,BRHEIGHT_UNIT1,2020-12-10,2022-10-18,,Galveston,77590,29.389595,-94.94987,houston,,,,2020-12-10,Battery,False,,,Houston,Broad Reach Power LLC,7,BROAD REACH QSE,4,BRP INTERMEDIATECO I LLC,BRHEIGHT_RN,,,
Hearn Road,9.9,9.9,HEARN_RD_LD2,HEARN_RD_BESS1,2025-08-08,2050-01-01,Texas,Nueces,78410,27.84932,-97.60964,south,,,,2025-08-08,Battery,False,,,South,REX Storage Holdings,1114,Tenaska,1104,REGIS HEARN LLC,HEARN_RD_RN,,,
Harlingen II,10.0,10.0,W_HARLIN_LD1,W_HARLIN_BESS,2023-12-14,2050-01-01,Texas,Cameron,,26.179999,-97.72561,south,,10.0,10.0,2023-12-14,Battery,False,,,South,SMT Energy,65,TENASKA POWER SERVICES CO,41,SMT TX MANAGEMENT LLC,W_HRL_ESR_RN,,,
Hamilton (DGR) U1,9.95,9.9,HAMILTON_LD1,HAMILTON_BESS,2024-02-22,2050-01-01,Texas,Val Verde,,29.376438,-100.8485,west,,9.95,9.95,2024-02-22,Battery,False,,,West,Hunt Energy Network,49,HEN POWER MARKETING LLC (SQ1),32,HEN INFRASTRUCTURE LLC 1,HAMI_BESS_RN,,,
Gregory,9.9,9.9,GREGORY_LD1,GREGORY_BESS1,2025-06-18,2050-01-01,Texas,San Patricio,,27.92405,-97.31242,south,,,,2024-11-07,Battery,False,,,Coastal,REX Storage Holdings,1114,Tenaska,66,REGIS GREGORY LLC,GREGORY_RN,Stem,Regis Energy Partners,
Gregory,9.9,9.9,GREGORY_LD1,GREGORY_BESS1,2024-11-07,2025-06-17,Texas,San Patricio,,27.92405,-97.31242,south,,,,2024-11-07,Battery,False,,,Coastal,REX Storage Holdings,88,TYR ENERGY LLC,66,REGIS GREGORY LLC,GREGORY_RN,Stem,Regis Energy Partners,
Great Kiskadee,103.0,200.0,GKS_BESS_LD1,GKS_BESS_BESS1,2025-02-14,2050-01-01,Texas,Hidalgo,,26.104286,-98.17188,south,138,,,2025-02-14,,False,,,South,SA Grid Solutions,56,Tenaska,78,GREAT KISKADEE STORAGE LLC,GKS_BESS_RN,Powin Energy,Apex Clean Energy,REPT Battero
Goodwin,9.9,14.3,GOODWIN_LD1,GOODWIN_BESS1,2025-12-02,2050-01-01,Texas,Hidalgo,,26.24515,-98.452238,,,,,2025-12-02,,False,,,South,REX Storage Holdings,1114,Tenaska,1117,REGIS GOODWIN LLC,GOODWIN_ESR,,,
Gomez (DGR),9.9,9.9,GOMZ_LD1,GOMZ_BESS,2023-05-26,2050-01-01,Texas,Pecos,,31.036537,-103.0242,west,,,,2023-05-26,Battery,False,,,West,Hunt Energy Network,49,HEN POWER MARKETING LLC (SQ1),32,HEN INFRASTRUCTURE LLC 1,GOMZ_RN,,,
Giga Texas,125.0,249.0,GIGA_ESS_LD1,GIGA_ESS_BESS_1,2024-08-09,2050-01-01,Texas,Travis,,30.230576,-97.61601,south,,131.0,131.0,2024-08-09,Battery,False,,,South,Tesla,78,ENGIE ENERGY MARKETING NA INC,54,GIGA TEXAS ENERGY STORAGE,GIGA_ESS_RN,,Tesla,Tesla
Gears 2,9.9,13.4,,,2026-03-24,2049-12-31,Texas,Harris,,29.962405,-95.44201,houston,138,9.9,9.9,2026-03-24,battery,False,,,Houston,Prologis,102,PROLOGIS ENERGY LLC,1137,PROLOGIS ENERGY,GZ_RN,,Prologis,
Gears,9.9,14.3,,,2026-02-10,2050-01-01,Texas,Harris,,29.962405,-95.44201,,69,,,2026-02-10,Battery,False,,,Coastal,REX Storage Holdings,1114,Tenaska,1132,REGIS GEARS-HARRIS LLC,GZ_RN,Stem,Regis Energy Partners,
Garden City East (DGR),9.9,9.9,GRDNE_LD3,GRDNE_BESS,2024-02-29,2050-01-01,Texas,Glasscock,,31.867209,-101.4694,west,,9.9,9.9,2024-02-29,Battery,False,,,West,Hunt Energy Network,49,HEN POWER MARKETING LLC (SQ1),32,HEN INFRASTRUCTURE LLC 1,GRDNE_ESR_RN,,,
Garceno (DGR),10.0,10.0,GARCENO_LD1,GARCENO_BESS,2023-11-30,2050-01-01,TX,Matagorda,,28.987572,-95.96984,houston,,,,2023-11-30,Battery,False,,,Coastal,SMT Energy,65,TENASKA POWER SERVICES CO,41,SMT TX MANAGEMENT LLC,GARC_BESS_RN,,,
Gambit,100.0,175.0,GAMBIT_LD1,GAMBIT_BESS1,2023-03-14,2050-01-01,,Brazoria,77515,29.16801,-95.44506,houston,,,,2021-06-14,Battery,False,,,Coastal,Plus Power,10,ENGIE ENERGY MARKETING NA INC,34,GAMBIT ENERGY STORAGE LLC,GAMBIT_RN,,Plus Power,
Gambit,100.0,175.0,GAMBIT_LD1,GAMBIT_BESS1,2022-06-01,2023-03-13,,Brazoria,77515,29.16801,-95.44506,houston,,,,2021-06-14,Battery,False,,,Coastal,Plus Power,10,ENGIE ENERGY MARKETING NA INC,7,TESLA,GAMBIT_RN,,Plus Power,
Gambit,100.0,175.0,GAMBIT_LD1,GAMBIT_BESS1,2021-06-14,2022-05-31,,Brazoria,77515,29.16801,-95.44506,houston,,,,2021-06-14,Battery,False,,,Coastal,Tesla,10,ENGIE ENERGY MARKETING NA INC,7,TESLA,GAMBIT_RN,,Plus Power,
Fort Mason,9.99,9.99,FORTMA_LD1,FORTMA_BESS1,2025-07-02,2050-01-01,Texas,Mason,,30.7423,-99.2374,south,,9.99,9.99,2025-06-30,,False,,,West,REX Storage Holdings,1114,Tenaska,1095,REGIS MASON LLC,FORTMA_RN,Fluence,,
Fort Mason,9.99,9.99,FORTMA_LD1,FORTMA_BESS1,2025-06-30,2025-07-01,Texas,Mason,,30.7423,-99.2374,south,,9.99,9.99,2025-06-30,,False,,,West,REX Storage Holdings,88,TYR ENERGY LLC,1095,REGIS MASON LLC,FORTMA_RN,Fluence,,
Fort Duncan,100.0,200.0,FTDUNCAN_LD1,FTDUNCAN_BESS_GEN,2026-01-24,2049-12-31,TX,Maverick,78852,28.709143,-100.499519,south,138,,,2025-06-25,Battery,False,,,South,Hunt Energy Network,56,Tenaska,1096,FORT DUNCAN BESS LLC (DME),FTDUNCAN_RN,Canadian Solar,Black Mountain Energy Storage,Canadian Solar
Fort Duncan,100.0,200.0,FTDUNCAN_LD1,FTDUNCAN_BESS_GEN,2025-06-25,2026-01-23,TX,Maverick,78852,28.709143,-100.499519,south,138,,,2025-06-25,Battery,False,,,South,Recurrent Energy,56,Tenaska,1096,FORT DUNCAN BESS LLC (DME),FTDUNCAN_RN,Canadian Solar,Black Mountain Energy Storage,Canadian Solar
Flower Valley 2,101.0,200.0,FLOWERII_LD1,FLOWERII_BESS1,2025-04-16,2050-01-01,,Reeves,,31.197285,-103.3618,west,,,,2022-03-28,Battery,False,,,West,Jupiter Power,1110,JUPITER POWER ENERGY MANAGEMENT LLC,22,FLOWER VALLEY II LLC,FLOWERII_RN,,Jupiter Power,
Flower Valley 2,101.0,200.0,FLOWERII_LD1,FLOWERII_BESS1,2022-03-28,2025-04-15,,Reeves,,31.197285,-103.3618,west,,,,2022-03-28,Battery,False,,,West,Jupiter Power,14,TENASKA POWER SERVICES CO,22,FLOWER VALLEY II LLC,FLOWERII_RN,,Jupiter Power,
Flower Valley 1 (DGR),9.9,19.8,FLAT_TOP_LD8,FLAT_TOP_FLATU1,2025-04-02,2050-01-01,,Reeves,,31.197283,-103.3618,west,,,,2021-05-28,Battery,False,,,West,Jupiter Power,1110,JUPITER POWER ENERGY MANAGEMENT LLC,21,FLOWER VALLEY LLC,FLVABES1_ESR,,Jupiter Power,
Flower Valley 1 (DGR),9.9,19.8,FLAT_TOP_LD8,FLAT_TOP_FLATU1,2023-11-15,2025-04-01,,Reeves,,31.197283,-103.3618,west,,,,2021-05-28,Battery,False,,,West,Jupiter Power,14,TENASKA POWER SERVICES CO,21,FLOWER VALLEY LLC,FLVABES1_ESR,,Jupiter Power,
Flower Valley 1 (DGR),9.9,19.8,FLVABES1_LD1,FLVABES1_FLATU1,2021-10-06,2023-11-14,,Reeves,,31.197283,-103.3618,west,,,,2021-05-28,Battery,False,,,West,Jupiter Power,14,TENASKA POWER SERVICES CO,21,FLOWER VALLEY LLC,FLVABES1_ESR,,Jupiter Power,
Flower Valley 1 (DGR),9.9,19.8,FLVABES1_LD1,FLVABES1_FLATU1,2021-05-28,2021-10-05,,Reeves,,31.197283,-103.3618,west,,,,2021-05-28,Battery,False,,,West,Jupiter Power,4,TENASKA POWER SERVICES,21,FLOWER VALLEY LLC,FLVABES1_ESR,,Jupiter Power,
Flat Top (DGR),9.9,16.5,FLAT_TOP_LD7,FLAT_TOP_BESS1,2023-01-12,2050-01-01,,Reeves,,31.197283,-103.3618,west,,,,2020-05-28,Battery,False,,,West,Key Capture Energy,12,SHELL ENERGY NORTH AMERICA (US) LP,9,KEY CAPTURE ENERGY LLC,FLTBES1,,,
Flat Top (DGR),9.9,16.5,FLTBES_LD1,FLTBES_BESS1,2021-12-15,2023-01-10,,Reeves,,31.197283,-103.3618,west,,,,2020-05-28,Battery,False,,,West,Key Capture Energy,12,SHELL ENERGY NORTH AMERICA (US) LP,9,KEY CAPTURE ENERGY LLC,FLTBES1,,,
Flat Top (DGR),9.9,16.5,FLTBES_LD1,FLTBES_BESS1,2020-05-28,2021-12-14,,Reeves,,31.197283,-103.3618,west,,,,2020-05-28,Battery,False,,,West,Key Capture Energy,52,MP2 ENERGY LLC,9,KEY CAPTURE ENERGY LLC,FLTBES1,,,
Five Wells,220.8,220.8,FIVEWSLR_LD1,FIVEWSLR_BESS1,2024-06-06,2050-01-01,Texas,Bell,,30.998647,-97.25902,north,,,,2024-06-04,Battery,True,Solar,350.0,North,ENGIE,79,ENGIE ENERGY MARKETING NA INC,55,ENGIE ENERGY MARKETING NA INC,FIVEWSLR_ALL,,,
Ferdinand,205.5,950.0,,,2026-06-09,2049-12-31,Texas,Bexar,,29.34836,-98.57653,south,,,,2026-06-09,Battery,False,,,South,Eolian,6,CPS ENERGY (QSE),3,CPS ENERGY,FERD_ESS_RN,,Eolian,
Fence Post,70.0,105.0,FENCESLR_LD1,FENCESLR_BESS1,2024-10-16,2050-01-01,Texas,Navarro,,32.072844,-96.22393,north,,,,2024-10-16,Battery,True,Solar,253.0,North,Enel North America,87,ENEL TRADING NORTH AMERICA LLC,15,ENEL TRADING NORTH AMERICA LLC,FENCESLR_ALL,,Enel Green Power,
Faulkner (DGR),9.9,9.9,FAULKNER_LD4,FAULKNER_BESS,2022-05-26,2050-01-01,,Reeves,79772,31.262381,-103.7949,west,,,,2022-05-19,Battery,False,,,WEST,Hunt Energy Network,49,HEN POWER MARKETING LLC (SQ1),33,HEN INFRASTRUCTURE LLC 2,FAULKNER_RN,,,
Faulkner (DGR),9.9,9.9,FAULKNER_LD1,FAULKNER_BESS,2022-05-24,2022-05-25,,Reeves,79772,31.262381,-103.7949,west,,,,2022-05-19,Battery,False,,,WEST,Hunt Energy Network,49,HEN POWER MARKETING LLC (SQ1),33,HEN INFRASTRUCTURE LLC 2,FAULKNER_RN,,,
Faulkner (DGR),9.9,9.9,FAULKNER_LD1,FAULKNER_BESS,2022-05-19,2022-05-23,,Reeves,79772,31.262381,-103.7949,west,,,,2022-05-19,Battery,False,,,WEST,Hunt Energy Network,16,HEN POWER MARKETING LLC,13,HEN INFRASTRUCTURE LLC,FAULKNER_RN,,,
Farmersville West 2 (DGR),9.9,20.0,FRMRSVLW_LD2,FRMRSVLW_BES2,2025-09-04,2050-01-01,Texas,Collin,,33.16111,-96.40913,north,138,,,2025-02-20,,False,,,North,Adapture Renewables,56,Tenaska,79,SBESS TX 7 LLC,FRMR_BS2_RN1,,Adapture Renewables,
Farmersville West 2 (DGR),9.9,20.0,FRMRSVLW_LD2,FRMRSVLW_BES2,2025-02-20,2025-09-03,Texas,Collin,,33.16111,-96.40913,north,138,,,2025-02-20,,False,,,North,Adapture Renewables,104,TYR ENERGY LLC,79,SBESS TX 7 LLC,FRMR_BS2_RN1,,Adapture Renewables,
Farmersville (DGR),9.9,9.9,FRMRSVLW_LD1,FRMRSVLW_BESS,2024-06-18,2050-01-01,Texas,Collin,,33.16111,-96.40913,north,138,9.9,9.9,2024-06-18,Battery,False,,,North,Hunt Energy Network,49,HEN POWER MARKETING LLC (SQ1),32,HEN INFRASTRUCTURE LLC 1,FRMRSVLW_RN,,HEN Infrastructure,
Falfurrias,9.9,9.9,FALFUR_LD1,FALFUR_BESS,2024-09-09,2050-01-01,Texas,Brooks,,27.242427,-98.14055,south,,,,2024-09-09,Battery,False,,,South,Hunt Energy Network,49,HEN POWER MARKETING LLC (SQ1),32,HEN INFRASTRUCTURE LLC 1,FALFUR_RN,,,
Falfur,9.9,11.8,FALFUR_LD2,FALFUR_BESS1,2025-08-07,2050-01-01,Texas,Brooks,,27.2469,-98.1474,south,,,,2025-08-07,,False,,,South,REX Storage Holdings,1114,Tenaska,1107,REGIS FALFURRIAS LLC,FALFUR_RN2,,,
Evelyn,220.0,440.0,EVLN_ESS_LD1,EVLN_ESS_BESS1,2025-09-22,2050-01-01,Texas,Galveston,,29.488956,-95.03651,houston,138,,,2025-09-22,,False,,,Houston,Gridstor,1127,SHELL ENERGY NORTH AMERICA (US) LP,1109,GRIDSTOR LLC,EVLN_ESS_RN,,Gridstor,
Eunice,40.3,40.0,EUNICE_LD1,EUNICE_BES1,2021-07-14,2050-01-31,,Andrews,,32.116388,-102.5283,west,,,,2021-07-14,Battery,True,Solar,420.0,West,Orsted,4,TENASKA POWER SERVICES,1,2W PERMIAN SOLAR LLC,EUNICE_ALL,,Orsted,
Estonian,101.6,152.0,ESTONIAN_LD1,ESTONIAN_BES1,2024-12-31,2050-01-01,Texas,Delta,,33.4529,-95.6772,north,138,,,2024-12-31,,True,Solar,202.0,North,Enel North America,100,ENEL TRADING NORTH AMERICA LLC,15,ENEL TRADING NORTH AMERICA LLC,ESTONIAN_ALL,,Enel Green Power,
Endurance Park,50.0,99.0,ENDPARKS_LD1,ENDPARKS_ESS1,2024-10-10,2050-01-01,Texas,Scurry,,32.85583,-100.9917,west,,,,2022-12-28,Battery,False,,,West,Key Capture Energy,95,GRIDMATIC EQUISETUM LLC,69,GRIDMATIC EQUISETUM LLC,ENDPARK_ESS1,,Key Capture Energy,Sungrow
Endurance Park,50.0,99.0,ENDPARKS_LD1,ENDPARKS_ESS1,2022-12-28,2024-10-09,Texas,Scurry,,32.85583,-100.9917,west,,,,2022-12-28,Battery,False,,,West,Key Capture Energy,12,SHELL ENERGY NORTH AMERICA (US) LP,9,KEY CAPTURE ENERGY LLC,ENDPARK_ESS1,,Key Capture Energy,Sungrow
Empire Central,9.9,14.0,,,2026-01-13,2050-01-01,Texas,Dallas,,32.825972,-96.863028,,,,,2026-01-13,Battery,False,,,North,SMT Energy,65,TENASKA POWER SERVICES CO,75,SMT TX MANAGEMENT II LLC,EMPCT_RN,,,
Elsa (DGR),10.0,10.0,ELSA_LD1,ELSA_BESS,2023-12-14,2050-01-01,TX,Hidalgo,,26.296101,-98.0096,south,,,,2023-12-14,Battery co-located (wind),True,Wind,,South,SMT Energy,65,TENASKA POWER SERVICES CO,41,SMT TX MANAGEMENT LLC,ELSA_ESR_RN,,,
Elm Street 2,9.9,18.0,,,2026-02-18,2050-01-01,Texas,Ward,,31.5273,-103.2735,,69,,,2026-02-18,,False,,,West,On.Energy,1148,SYSO INC,1135,NORTH PECOS CLEAN ENERGY CENTER LLC,ELM_ST_RN2,,On.Energy,
Eliza,100.0,150.0,ELZA_SLR_LD1,ELZA_SLR_BES1,2025-06-17,2050-01-01,Texas,Kaufman,,-96.1848,32.8196,north,,,,2025-06-17,,True,solar PV,151.7,North,Enel North America,1115,ENEL TRADING NORTH AMERICA LLC,15,ENEL TRADING NORTH AMERICA LLC,ELZA_SLR_RN,Energy Vault,Enel North America,LG Chem
Ebony,203.5,400.0,EBNY_ESS_LD1,EBNY_ESS_BESS1,2024-06-12,2050-01-01,Texas,Comal,,29.620088,-98.33448,south,138,203.5,203.5,2024-06-12,Battery,False,,,South,Plus Power,80,ENGIE ENERGY MARKETING NA INC,34,GAMBIT ENERGY STORAGE LLC,EBNY_ESS_RN,,Plus Power,
East Harrison,9.9,20.1,,,2026-04-21,2049-12-31,,Cameron,,26.1959,-97.6707,south,69,,,2026-04-21,Battery,False,,,Coastal,Aggreko,56,Tenaska,1152,Aggreko,E_HARRIS_RN,,Aggreko,
Downtown,9.9,18.0,,,2026-02-19,2050-01-01,Texas,Pecos,,30.9059,-102.924,,69,,,2026-02-19,,False,,,West,On.Energy,1148,SYSO INC,1133,FORT STOCKTON CLEAN ENERGY CENTER LLC,TNFS_RN,,On.Energy,
Dogfish,75.0,91.5,DGFS_ESR_LD1,DGFS_ESR_BESS1,2025-05-22,2050-01-01,TX,Pecos,,31.422912,-103.493229,west,138,,,2025-05-22,,False,,,West,Gore Street Energy Storage Fund,56,Tenaska,1090,DOGFISH ESS ASSETS LLC (DME),DGFS_ESR_RN,Nidec Motor Corporation,Gore Street Energy Storage Fund,
Dickinson (DGR),9.9,9.9,DICKNSON_LD1,DICKNSON_UNIT1,2024-05-01,2050-01-01,,Galveston,77539,29.461255,-95.05699,houston,,,,2021-06-09,Battery,False,,,Houston,ENGIE,77,ENGIE ENERGY MARKETING NA INC,53,ENGIE,BRP_DIKN_RN,,,
Dickinson (DGR),9.9,9.9,DICKNSON_LD1,DICKNSON_UNIT1,2023-10-09,2024-04-30,,Galveston,77539,29.461255,-95.05699,houston,,,,2021-06-09,Battery,False,,,Houston,ENGIE,54,BROAD REACH QSE I LLC (,39,BRP INTERMEDIATECO I LLC,BRP_DIKN_RN,,,
Dickinson (DGR),9.9,9.9,DICKNSON_LD1,DICKNSON_UNIT1,2023-09-01,2023-10-08,,Galveston,77539,29.461255,-95.05699,houston,,,,2021-06-09,Battery,False,,,Houston,ENGIE,54,BROAD REACH QSE I LLC (,4,BRP INTERMEDIATECO I LLC,BRP_DIKN_RN,,,
Dickinson (DGR),9.9,9.9,DICKNSON_LD1,DICKNSON_UNIT1,2023-04-26,2023-08-31,,Galveston,77539,29.461255,-95.05699,houston,,,,2021-06-09,Battery,False,,,Houston,Broad Reach Power LLC,54,BROAD REACH QSE I LLC (,4,BRP INTERMEDIATECO I LLC,BRP_DIKN_RN,,,
Dickinson (DGR),9.9,9.9,DICKNSON_LD1,DICKNSON_UNIT1,2022-10-19,2023-04-25,,Galveston,77539,29.461255,-95.05699,houston,,,,2021-06-09,Battery,False,,,Houston,Broad Reach Power LLC,7,BROAD REACH QSE,4,BRP INTERMEDIATECO I LLC,BRP_DIKN_RN,,,
Dickinson (DGR),9.9,9.9,BRP_DIKN_LD1,BRP_DIKN_UNIT1,2021-06-09,2022-10-18,,Galveston,77539,29.461255,-95.05699,houston,,,,2021-06-09,Battery,False,,,Houston,Broad Reach Power LLC,7,BROAD REACH QSE,4,BRP INTERMEDIATECO I LLC,BRP_DIKN_RN,,,
Dickens U4,50.0,50.0,DKNS_ESS_LD4,DKNS_ESS_BES4,2024-09-16,2050-01-01,Texas,Dickens,,33.781077,-100.8832,west,,,,2024-09-16,Battery,False,,,Panhandle,ENGIE,77,ENGIE ENERGY MARKETING NA INC,53,ENGIE,DKNS_ESS_RN,,,
Dickens U3,50.0,50.0,DKNS_ESS_LD3,DKNS_ESS_BES3,2024-09-16,2050-01-01,Texas,Dickens,,33.781077,-100.8832,west,,,,2024-09-16,Battery,False,,,Panhandle,ENGIE,77,ENGIE ENERGY MARKETING NA INC,53,ENGIE,DKNS_ESS_RN,,,
Dickens U2,50.0,50.0,DKNS_ESS_LD2,DKNS_ESS_BES2,2024-09-16,2050-01-01,Texas,Dickens,,33.781077,-100.8832,west,,,,2024-09-16,Battery,False,,,Panhandle,ENGIE,77,ENGIE ENERGY MARKETING NA INC,53,ENGIE,DKNS_ESS_RN,,,
Dickens U1,50.0,50.0,DKNS_ESS_LD1,DKNS_ESS_BES1,2024-09-16,2050-01-01,Texas,Dickens,,33.781077,-100.8832,west,,,,2024-09-16,Battery,False,,,Panhandle,ENGIE,77,ENGIE ENERGY MARKETING NA INC,53,ENGIE,DKNS_ESS_RN,,,
Diboll (DGR),9.9,9.9,DIBOL_LD3,DIBOL_BESS,2023-12-19,2050-01-01,Texas,Angelina,,31.193794,-94.79818,north,,9.9,9.9,2023-12-05,Battery,False,,,North,Hunt Energy Network,49,HEN POWER MARKETING LLC (SQ1),32,HEN INFRASTRUCTURE LLC 1,DIBOL_RN,,,
Desna,205.46,400.0,,,2026-06-23,2049-12-31,Texas,Brazoria,,29.063305,-95.73543,houston,,,,2026-06-23,Battery,False,,,Coastal,ENGIE,1124,ENGIE,53,ENGIE,DESN_ESS_RN,,Broad Reach Power,
Desert Willow,150.0,300.0,DSWL_ESS_LD1,DSWL_ESS_BES1,2026-01-07,2050-01-01,Texas,Ellis,,32.452281,-97.07263,north,345,,,2025-05-12,,False,,,North,esVolta,1152,PHILLIPS 66 ENERGY TRADING LLC (SQ3),1091,DESERT WILLOW ENERGY STORAGE LLC,DSWL_BES1,Sungrow,Black Mountain Energy Storage,Sungrow
Desert Willow,150.0,300.0,DSWL_ESS_LD1,DSWL_ESS_BES1,2025-05-12,2026-01-06,Texas,Ellis,,32.452281,-97.07263,north,345,,,2025-05-12,,False,,,North,esVolta,1111,ESV ENERGY MANAGEMENT LLC,1091,DESERT WILLOW ENERGY STORAGE LLC,DSWL_BES1,Sungrow,Black Mountain Energy Storage,Sungrow
Decordova 4,64.2,64.2,DCSES_LD4,DCSES_BES4,2022-07-12,2050-01-31,,Hood,76049,32.403056,-97.70056,north,,,,2022-07-12,Battery,False,,,North,Vistra corp,19,LUMINANT ENERGY COMPANY LLC,16,DECORDOVA BESS LLC,DC2SES_ALL,,,
Decordova 3,64.2,64.2,DCSES_LD3,DCSES_BES3,2022-07-12,2050-01-31,,Hood,76049,32.403056,-97.70056,north,,,,2022-07-12,Battery,False,,,North,Vistra corp,19,LUMINANT ENERGY COMPANY LLC,16,DECORDOVA BESS LLC,DC2SES_ALL,,,
Decordova 2,67.3,67.3,DCSES_LD2,DCSES_BES2,2022-07-12,2050-01-31,,Hood,76049,32.403056,-97.70056,north,,,,2022-07-12,Battery,False,,,North,Vistra corp,19,LUMINANT ENERGY COMPANY LLC,16,DECORDOVA BESS LLC,DC2SES_ALL,,,
Decordova 1,67.3,67.3,DCSES_LD1,DCSES_BES1,2022-07-12,2050-01-31,,Hood,76049,32.403056,-97.70056,north,,,,2022-07-12,Battery,False,,,North,Vistra corp,19,LUMINANT ENERGY COMPANY LLC,16,DECORDOVA BESS LLC,DC2SES_ALL,,,
Danish Fields U2,75.1,110.0,DAN_LD2,DAN_BESS2,2025-04-30,2050-01-01,Texas,Wharton,,29.013637,-96.22054,south,,,,2025-04-30,,True,,,Houston,TotalEnergies,1105,TotalEnergies,42,TotalEnergies,DAN_ALL,,SunChase Power,Saft
Danish Fields U1,77.8,115.0,DAN_LD1,DAN_BESS1,2025-04-30,2050-01-01,Texas,Wharton,,29.013637,-96.22054,south,,,,2025-04-30,,True,,,Houston,TotalEnergies,1105,TotalEnergies,42,TotalEnergies,DAN_ALL,,SunChase Power,Saft
Damon,4.98,9.7,DA_LD3,DA_BESS,2025-03-21,2050-01-01,Texas,Brazoria,77461,29.382,-95.7011,houston,138,,,2025-03-21,,False,,,Coastal,Vopak Energy Storage Texas,1107,SHELL ENERGY NORTH AMERICA (US) LP,1086,BACCHARIS STORAGE LLC,DA_BESS,,,
Cunningham,190.0,380.0,TURQBESS_LD1,TURQBESS_BESS1,2024-10-16,2050-01-01,Texas,Hunt,,33.004305,-96.07591,north,,,,2023-07-26,Battery,False,,,North,ACCIONA Energia,97,HABITAT ENERGY INC,38,BT CUNNINGHAM STORAGE LLC,TURQ_BESS1,,Golf State Renewable Energy GSR,CATL
Cunningham,190.0,380.0,TURQBESS_LD1,TURQBESS_BESS1,2024-06-05,2024-10-15,Texas,Hunt,,33.004305,-96.07591,north,,,,2023-07-26,Battery,False,,,North,ACCIONA Energia,58,HABITAT ENERGY INC (QSE),38,BT CUNNINGHAM STORAGE LLC,TURQ_BESS1,,Golf State Renewable Energy GSR,CATL
Cunningham,190.0,380.0,TURQBESS_LD1,TURQBESS_BESS1,2023-07-26,2024-06-04,Texas,Hunt,,33.004305,-96.07591,north,,,,2023-07-26,Battery,False,,,North,ACCIONA Energia,64,BOSTON ENERGY TRADING AND MARKETING LLC,38,BT CUNNINGHAM STORAGE LLC,TURQ_BESS1,,Golf State Renewable Energy GSR,CATL
Cross Trails,58.0,114.0,CROSSTRL_LD1,CROSSTRL_BESS1,2025-05-30,2050-01-01,TX,Scurry,,32.58,-101.0,west,,,,2025-05-30,,False,,,West,Energy Vault,95,GRIDMATIC EQUISETUM LLC,69,GRIDMATIC EQUISETUM LLC,CROSSTRL_RN,Energy Vault,Energy Vault,
Crossett Power 2,101.5,100.0,CROSSETT_LD2,CROSSETT_BES2,2026-01-07,2050-01-01,,Crane,,31.191687,-102.3172,west,,,,2022-05-26,Battery,False,,,West,Jupiter Power,1112,Jupiter Power Energy Management LLC,11,CROSSETT POWER MANAGEMENT LLC,CROSSETT_ALL,,Jupiter Power,
Crossett Power 2,101.5,100.0,CROSSETT_LD2,CROSSETT_BES2,2025-04-16,2026-01-06,,Crane,,31.191687,-102.3172,west,,,,2022-05-26,Battery,False,,,West,Jupiter Power,1110,JUPITER POWER ENERGY MANAGEMENT LLC,11,CROSSETT POWER MANAGEMENT LLC,CROSSETT_ALL,,Jupiter Power,
Crossett Power 2,101.5,100.0,CROSSETT_LD2,CROSSETT_BES2,2022-05-26,2025-04-15,,Crane,,31.191687,-102.3172,west,,,,2022-05-26,Battery,False,,,West,Jupiter Power,14,TENASKA POWER SERVICES CO,11,CROSSETT POWER MANAGEMENT LLC,CROSSETT_ALL,,Jupiter Power,
Crossett Power 1,101.5,100.0,CROSSETT_LD1,CROSSETT_BES1,2026-01-07,2049-12-31,,Crane,,31.191687,-102.3172,west,,,,2022-05-26,Battery,False,,,West,Jupiter Power,1112,Jupiter Power Energy Management LLC,56,HATCH EQ I LLC,CROSSETT_ALL,,Jupiter Power,
Crossett Power 1,101.5,100.0,CROSSETT_LD1,CROSSETT_BES1,2025-05-01,2026-01-06,,Crane,,31.191687,-102.3172,west,,,,2022-05-26,Battery,False,,,West,Jupiter Power,1110,JUPITER POWER ENERGY MANAGEMENT LLC,56,HATCH EQ I LLC,CROSSETT_ALL,,Jupiter Power,
Crossett Power 1,101.5,100.0,CROSSETT_LD1,CROSSETT_BES1,2024-07-20,2025-04-30,,Crane,,31.191687,-102.3172,west,,,,2022-05-26,Battery,False,,,West,Jupiter Power,59,ZEPHYR ASSET MANAGEMENT LLC (QSE),56,HATCH EQ I LLC,CROSSETT_ALL,,Jupiter Power,
Crossett Power 1,101.5,100.0,CROSSETT_LD1,CROSSETT_BES1,2023-07-20,2024-07-19,,Crane,,31.191687,-102.3172,west,,,,2022-05-26,Battery,False,,,West,Jupiter Power,59,ZEPHYR ASSET MANAGEMENT LLC (QSE),36,CROSSETT POWER MANAGEMENT LLC 1,CROSSETT_ALL,,Jupiter Power,
Crossett Power 1,101.5,100.0,CROSSETT_LD1,CROSSETT_BES1,2023-06-27,2023-07-19,,Crane,,31.191687,-102.3172,west,,,,2022-05-26,Battery,False,,,West,Jupiter Power,14,TENASKA POWER SERVICES CO,36,CROSSETT POWER MANAGEMENT LLC 1,CROSSETT_ALL,,Jupiter Power,
Crossett Power 1,101.5,100.0,CROSSETT_LD1,CROSSETT_BES1,2022-05-27,2023-06-26,,Crane,,31.191687,-102.3172,west,,,,2022-05-26,Battery,False,,,West,Jupiter Power,14,TENASKA POWER SERVICES CO,11,CROSSETT POWER MANAGEMENT LLC,CROSSETT_ALL,,Jupiter Power,
Crosby,9.9,20.0,CS_LD1,CS_BESS,2025-09-04,2050-01-01,Texas,Harris,,29.9542,-95.0206,houston,138,,,2025-03-13,,False,,,Houston,On.Energy,56,Tenaska,1081,CROSBY CLEAN ENERGY CENTER LLC,CS_RN,,On.Energy,
Crosby,9.9,20.0,CS_LD1,CS_BESS,2025-03-13,2025-09-03,Texas,Harris,,29.9542,-95.0206,houston,138,,,2025-03-13,,False,,,Houston,On.Energy,1106,TYR ENERGY LLC,1081,CROSBY CLEAN ENERGY CENTER LLC,CS_RN,,On.Energy,
Crockett 1,9.9,20.0,CR_LD1,CR_BESS1,2024-12-13,2050-01-01,Texas,Harris,,29.9017,-95.3855,houston,138,,,2024-12-13,Battery,False,,,Houston,Prologis,102,PROLOGIS ENERGY LLC,72,ESTX PLD HOUSTON1 LLC,CR_RN,,,
Coyote Springs,9.9,9.9,COYOTSPR_LD5,COYOTSPR_BESS,2022-12-01,2050-01-01,Texas,Reeves,,31.39471,-103.6303,west,,,,2022-06-14,Battery,False,,,West,Hunt Energy Network,49,HEN POWER MARKETING LLC (SQ1),13,HEN INFRASTRUCTURE LLC,COYOTSPR_RN,,,
Coyote Springs,9.9,9.9,COYOTSPR_LD5,COYOTSPR_BESS,2022-06-14,2022-11-30,Texas,Reeves,,31.39471,-103.6303,west,,,,2022-06-14,Battery,False,,,West,Hunt Energy Network,16,HEN POWER MARKETING LLC,13,HEN INFRASTRUCTURE LLC,COYOTSPR_RN,,,
Cotulla,9.9,24.7,,,2026-06-17,2049-12-31,Texas,La Salle,,28.442298,-99.25255,south,,,,2026-06-17,Battery,False,,,South,Marubeni,1156,GridBeyond,1156,Marubeni,COTULLA_RN,,Adapture Renewables,
Cottonwood Bayou,153.0,225.0,CTW_LD1,CTW_BESS1,2025-12-11,2050-01-01,Texas,Brazoria,,29.265141,-95.249231,,,,,2025-12-11,,True,Solar,350.0,Coastal,TotalEnergies,68,TotalEnergies,42,TotalEnergies,CTW_RN,Saft,TotalEnergies,Saft
Corazon,205.0,200.0,CORAZON_LD1,CORAZON_BESS1,2025-12-24,2050-01-01,Texas,Webb,,27.5853,-99.283,,,,,2025-12-24,,True,Solar,205.0,South,Eni New Energy,1141,Habitat Energy Inc,1120,CORAZON ENERGY LLC,CORAZON_RN,,,
Coral U2,52.2,59.4,CORALSLR_LD2,CORALSLR_BESS2,2024-09-24,2050-01-01,Texas,Falls,,31.45,-96.86,north,,,,2024-09-24,Battery,True,Solar,147.0,North,National Grid Renewables,91,NG RENEWABLES ENERGY SERVICES LLC CH,63,COPPERHEAD SOLAR LLC,CORALSLR_ALL,,,
Coral U1,48.4,61.4,CORALSLR_LD1,CORALSLR_BESS1,2024-09-24,2050-01-01,Texas,Falls,,31.45,-96.86,north,,,,2024-09-24,Battery,True,Solar,147.0,North,National Grid Renewables,91,NG RENEWABLES ENERGY SERVICES LLC CH,63,COPPERHEAD SOLAR LLC,CORALSLR_ALL,,,
Continental (DGR),9.9,9.9,CONTINEN_LD1,CONTINEN_BESS1,2025-06-18,2050-01-01,Texas,Starr,,26.51553,-98.60928,south,,9.9,9.9,2024-07-31,Battery,False,,,South,REX Storage Holdings,1114,Tenaska,60,REGIS CONTINENTAL LLC,CONTINEN_RN,Stem,Regis Energy Partners,
Continental (DGR),9.9,9.9,CONTINEN_LD1,CONTINEN_BESS1,2024-11-03,2025-06-17,Texas,Starr,,26.51553,-98.60928,south,,9.9,9.9,2024-07-31,Battery,False,,,South,REX Storage Holdings,88,TYR ENERGY LLC,60,REGIS CONTINENTAL LLC,CONTINEN_RN,Stem,Regis Energy Partners,
Continental (DGR),9.9,9.9,CONTINEN_LD1,CONTINEN_BESS1,2024-07-31,2024-11-02,Texas,Starr,,26.51553,-98.60928,south,,9.9,9.9,2024-07-31,Battery,False,,,South,REX Storage Holdings,85,TYR ENERGY LLC,60,REGIS CONTINENTAL LLC,CONTINEN_RN,Stem,Regis Energy Partners,
Connolly,125.0,250.0,CNLY_ESS_LD1,CNLY_ESS_BESS_1,2024-11-01,2050-01-01,Texas,Wise,,33.21008,-97.41627,north,138,,,2024-11-01,Battery,False,,,North,Tesla,94,ENGIE ENERGY MARKETING NA INC,67,BT CONNOLLY STORAGE LLC,CNLY_ESS_RN,,Tesla,Tesla
Commerce St (DGR),10.0,10.0,X4_LD1,X4_SWRI,2023-07-27,2050-01-31,,Bexar,78227,29.43445,-98.61765,south,,,,2020-10-17,Co-located battery (Solar),True,Solar,5.0,South,CPS Energy,6,CPS ENERGY (QSE),3,CPS ENERGY,X443ESRN,,,
Commerce St (DGR),10.0,10.0,X443ESS1_LD1,X443ESS1_SWRI,2020-10-17,2023-07-26,,Bexar,78227,29.43445,-98.61765,south,,,,2020-10-17,Co-located battery (Solar),True,Solar,5.0,South,CPS Energy,6,CPS ENERGY (QSE),3,CPS ENERGY,X443ESRN,,,
Citrus City,9.9,22.4,CITRUSCY_LD1,CITRUSCY_BESS1,2025-07-16,2050-01-01,Texas,Hidalgo,,26.32162,-98.35149,south,138,,,2025-07-16,Battery,False,,,South,Prologis,102,PROLOGIS ENERGY LLC,1102,SBESS TX10 LLC,CITRUSCY_RN,,,
Cisco,9.9,10.75,CISC_LD1,CISC_BESS,2024-10-29,2050-01-01,Texas,Eastland,,32.391533,-98.97816,north,,,,2024-10-29,Battery,False,,,North,Hunt Energy Network,49,HEN POWER MARKETING LLC (SQ1),32,HEN INFRASTRUCTURE LLC 1,CISC_RN,,HEN Infrastructure,
Chisholm,100.0,130.0,CHISMGRD_LD1,CHISMGRD_BES1,2021-11-17,2050-01-31,Texas,Tarrant,76052,32.904444,-97.38611,north,,,,2021-10-01,Battery,False,,,North,Eolian,23,TENASKA POWER SERVICES CO,24,CHISHOLM GRID LLC,CHISMGRD_RN,,Able Grid Energy Solutions,
Chisholm,100.0,130.0,CHISMGRD_LD1,CHISMGRD_BES1,2021-10-01,2021-11-16,Texas,Tarrant,76052,32.904444,-97.38611,north,,,,2021-10-01,Battery,False,,,North,Eolian,4,TENASKA POWER SERVICES,24,CHISHOLM GRID LLC,CHISMGRD_RN,,Able Grid Energy Solutions,
Chillingham,153.93,300.0,CHIL_SLR_LD1,CHIL_SL1_BESS1,2025-07-23,2050-01-01,Texas,Bell,,31.005302,-97.26319,south,345,,,2025-07-23,Battery,True,Solar,350.0,North,ENGIE,1119,ENGIE ENERGY MARKETING NA INC,53,ENGIE,CHIL_SLR,,ENGIE,
Century,9.9,19.0,CNTRY_LD1,CNTRY_BESS1,2024-12-18,2050-01-01,Texas,Tarrant,,32.68820026137598,-97.0840104996037,north,,,,2024-12-18,Battery,False,,,North,Prologis,102,PROLOGIS ENERGY LLC,73,ESTX PLD GRANDPRAIRIE1 LLC,CNTRY_RN,,Prologis,
Cedarvale (DGR),9.9,9.9,CEDRVALE_LD4,CEDRVALE_BESS,2022-12-01,2050-01-01,,Reeves,79719,31.514106,-103.4524,west,,,,2022-06-17,Battery,False,,,West,Hunt Energy Network,49,HEN POWER MARKETING LLC (SQ1),13,HEN INFRASTRUCTURE LLC,CEDRVALE_RN,,,
Cedarvale (DGR),9.9,9.9,CEDRVALE_LD4,CEDRVALE_BESS,2022-06-17,2022-11-30,,Reeves,79719,31.514106,-103.4524,west,,,,2022-06-17,Battery,False,,,West,Hunt Energy Network,16,HEN POWER MARKETING LLC,13,HEN INFRASTRUCTURE LLC,CEDRVALE_RN,,,
Catarina (DGR),9.9,9.9,CATARINA_LD1,CATARINA_BESS,2022-12-01,2050-01-01,,Dimmit,78836,28.34705,-99.6737,south,,,,2022-08-25,Battery,False,,,South,Hunt Energy Network,49,HEN POWER MARKETING LLC (SQ1),13,HEN INFRASTRUCTURE LLC,CATARINA_B1,,,
Catarina (DGR),9.9,9.9,CATARINA_LD1,CATARINA_BESS,2022-08-25,2022-11-30,,Dimmit,78836,28.34705,-99.6737,south,,,,2022-08-25,Battery,False,,,South,Hunt Energy Network,16,HEN POWER MARKETING LLC,13,HEN INFRASTRUCTURE LLC,CATARINA_B1,,,
Castor,205.39,461.1,,,2026-05-28,2049-12-31,Texas,Brazoria,,29.150279,-95.65118,houston,,,,2026-05-28,Battery,False,,,Coastal,ENGIE,1124,ENGIE,53,ENGIE,CAST_ESS_RN,,Broad Reach Power,
Castle Gap,9.9,42.0,CASL_GAP_LD1,CASL_GAP_BATTERY1,2019-06-01,2050-01-01,Texas,Upton,,31.255,-102.272,west,,,,2019-06-01,Battery,True,Solar,180.0,West,Luminant,96,LUMINANT ENERGY COMPANY LLC,16,DECORDOVA BESS LLC,CASL_GAP_UN1,,,
Carrizo Springs,9.9,14.3,CARRIZO_LD1,CARRIZO_BESS1,2025-12-04,2050-01-01,Texas,Dimmit,,28.517721,-99.934508,,,,,2025-12-04,,False,,,South,REX Storage Holdings,1114,Tenaska,1118,REGIS CARRIZO SPRINGS LLC,CARRIZO_ESR1,,,
Carina,150.0,300.0,CARN_ESS_LD1,CARN_ESS_BES1,2025-09-25,2050-01-01,Texas,Nueces,,27.81922,-97.53546,south,138,150.0,150.0,2025-09-18,,False,,,South,ENGIE,1131,ENGIE ENERGY MARKETING NA INC,53,ENGIE,CARN_ESS_RN,,ENGIE,
Carina,150.0,300.0,CARN_ESS_LD1,CARN_ESS_BES1,2025-09-18,2025-09-24,Texas,Nueces,,27.81922,-97.53546,south,138,150.0,150.0,2025-09-18,,False,,,South,ENGIE,1124,ENGIE,53,ENGIE,CARN_ESS_RN,,ENGIE,
Carambola,100.9,199.6,,,2026-06-26,2049-12-31,Texas,Hidalgo,,26.24973,-98.23883,south,,,,2026-06-26,Battery,False,,,South,SMT Energy,1160,HABITAT ENERGY INC (QSE),1157,HABITAT ENERGY INC (DME),CARA_ESS_RN,,SMT Energy,
Cameron,16.4,32.8,CAMWIND_LD1,CAMWIND_BESS1,2024-03-26,2050-01-01,Texas,Cameron,,26.195278,-97.46611,south,,16.4,16.4,2024-03-26,Battery,True,Wind,165.0,Coastal,Apex Clean Energy,56,Tenaska,49,Cameron Wind,CAMWIND_RN,,Apex Clean Energy,
Callisto 1 Energy Center Unit 2,101.5,212.5,CLO_LD2,CLO_BESS2,2024-08-15,2050-01-01,Texas,Harris,,29.646811,-95.45054,houston,,,,2024-08-15,Battery,False,,,Houston,Jupiter Power,82,MERCURIA ENERGY AMERICA LLC (SQ1),59,MERCURIA ENERGY AMERICA LLC,CLO_RN,,Jupiter Power,
Callisto 1 Energy Center Unit 1,101.5,212.5,CLO_LD1,CLO_BESS1,2025-05-22,2050-01-01,Texas,Harris,,29.646811,-95.45054,houston,,,,2024-08-15,Battery,False,,,Houston,Jupiter Power,82,MERCURIA ENERGY AMERICA LLC (SQ1),59,MERCURIA ENERGY AMERICA LLC,CLO_RN,,Jupiter Power,
Callisto 1 Energy Center Unit 1,101.5,212.5,CLO_LD1,CLO_BESS1,2024-08-15,2025-05-21,Texas,Harris,,29.646811,-95.45054,houston,,,,2024-08-15,Battery,False,,,Houston,Jupiter Power,14,TENASKA POWER SERVICES CO,58,CALLISTO I ENERGY CENTER LLC,CLO_RN,,Jupiter Power,
Cachi,200.0,400.0,CACH_ESS_LD1,CACH_ESS_BESS1,2025-09-08,2050-01-01,Texas,Guadalupe,,29.65313,-98.01516,south,138,200.0,200.0,2025-09-08,,False,,,South,ENGIE,1131,ENGIE ENERGY MARKETING NA INC,53,ENGIE,CACH_ESS_RN,,ENGIE,
Byrd Ranch,50.0,50.0,BYRDR_ES_LD1,BYRDR_ES_BESS1,2023-07-19,2050-01-31,,Brazoria,77480,29.056,-95.686,houston,,,,2022-10-21,Battery,False,,,Coastal,GlidePath,58,HABITAT ENERGY INC (QSE),8,BYRD RANCH STORAGE LLC,BYRDR_ES_ALL,,,
Byrd Ranch,50.0,50.0,BYRDR_ES_LD1,BYRDR_ES_BESS1,2022-10-21,2023-07-18,,Brazoria,77480,29.056,-95.686,houston,,,,2022-10-21,Battery,False,,,Coastal,GlidePath,11,UNIPER GLOBAL COMMODITIES NORTH AMERICA LLC,8,BYRD RANCH STORAGE LLC,BYRDR_ES_ALL,,,
Bypass,208.0,400.0,,,2026-02-06,2050-01-01,Texas,Fort Bend,,29.484448,-95.62164,,345,,,2026-02-06,Battery,False,,,Coast,Aypa Power,1145,CONSTELLATION ENERGY GENERATION LLC,1126,CONSTELLATION ENERGY GENERATION LLC,BYP_RN,Canadian Solar,Aypa Power,Canadian Solar
Burksol,103.0,200.0,BKSL_ESS_LD1,BKSL_ESS_BESS1,2025-04-10,2050-01-01,Texas,Dickens,,33.781511,-100.8775,west,345,,,2025-03-31,,False,,,Panhandle,esVolta,1111,ESV ENERGY MANAGEMENT LLC,1080,BURKSOL LLC,BKSL_RN,,Black Mountain Energy Storage,
Burksol,103.0,200.0,BKSL_ESS_LD1,BKSL_ESS_BESS1,2025-03-31,2025-04-09,Texas,Dickens,,33.781511,-100.8775,west,345,,,2025-03-31,,False,,,Panhandle,esVolta,95,GRIDMATIC EQUISETUM LLC,1080,BURKSOL LLC,BKSL_RN,,Black Mountain Energy Storage,
BRP Angleton (DGR),10.0,10.0,ANGLETON_LD1,ANGLETON_UNIT1,2024-05-01,2050-01-01,,Brazoria,77515,29.167065,-95.44065,houston,,,,2020-12-10,Battery,False,,,Coastal,ENGIE,77,ENGIE ENERGY MARKETING NA INC,53,ENGIE,BRPANGLE_RN,,,
BRP Angleton (DGR),10.0,10.0,ANGLETON_LD1,ANGLETON_UNIT1,2023-10-09,2024-04-30,,Brazoria,77515,29.167065,-95.44065,houston,,,,2020-12-10,Battery,False,,,Coastal,ENGIE,54,BROAD REACH QSE I LLC (,39,BRP INTERMEDIATECO I LLC,BRPANGLE_RN,,,
BRP Angleton (DGR),10.0,10.0,ANGLETON_LD1,ANGLETON_UNIT1,2023-09-01,2023-10-08,,Brazoria,77515,29.167065,-95.44065,houston,,,,2020-12-10,Battery,False,,,Coastal,ENGIE,54,BROAD REACH QSE I LLC (,4,BRP INTERMEDIATECO I LLC,BRPANGLE_RN,,,
BRP Angleton (DGR),10.0,10.0,ANGLETON_LD1,ANGLETON_UNIT1,2023-04-26,2023-08-31,,Brazoria,77515,29.167065,-95.44065,houston,,,,2020-12-10,Battery,False,,,Coastal,Broad Reach Power LLC,54,BROAD REACH QSE I LLC (,4,BRP INTERMEDIATECO I LLC,BRPANGLE_RN,,,
BRP Angleton (DGR),10.0,10.0,ANGLETON_LD1,ANGLETON_UNIT1,2022-10-26,2023-04-25,,Brazoria,77515,29.167065,-95.44065,houston,,,,2020-12-10,Battery,False,,,Coastal,Broad Reach Power LLC,7,BROAD REACH QSE,4,BRP INTERMEDIATECO I LLC,BRPANGLE_RN,,,
BRP Angleton (DGR),10.0,10.0,BRPANGLE_LD1,BRPANGLE_UNIT1,2020-12-10,2022-10-25,,Brazoria,77515,29.167065,-95.44065,houston,,,,2020-12-10,Battery,False,,,Coastal,Broad Reach Power LLC,7,BROAD REACH QSE,4,BRP INTERMEDIATECO I LLC,BRPANGLE_RN,,,
Bright Arrow U2,52.8,101.8,BR_ARROW_LD2,BR_ARROW_BESS2,2025-06-30,2050-01-01,Texas,Hopkins,,33.22392,-95.73077,north,345,,,2025-06-30,Battery,True,Solar,173.9,North,RWE,22,RWE CLEAN ENERGY QSE LLC,18,RWE CLEAN ENERGY LLC,BR_ARROW_ALL,,,
Bright Arrow U1,49.3,95.0,BR_ARROW_LD1,BR_ARROW_BESS1,2025-06-30,2050-01-01,Texas,Hopkins,,33.22392,-95.73077,north,345,,,2025-06-30,Battery,True,Solar,127.3,North,RWE,22,RWE CLEAN ENERGY QSE LLC,18,RWE CLEAN ENERGY LLC,BR_ARROW_ALL,,,
Brazoria (DGR),10.0,10.0,BRAZORIA_LD1,BRAZORIA_UNIT1,2024-05-01,2050-01-01,,Brazoria,77422,29.062635,-95.57759,houston,,,,2020-11-14,Battery,False,,,Coastal,ENGIE,77,ENGIE ENERGY MARKETING NA INC,53,ENGIE,BRP_BRAZ_RN,,,
Brazoria (DGR),10.0,10.0,BRAZORIA_LD1,BRAZORIA_UNIT1,2023-10-09,2024-04-30,,Brazoria,77422,29.062635,-95.57759,houston,,,,2020-11-14,Battery,False,,,Coastal,ENGIE,54,BROAD REACH QSE I LLC (,39,BRP INTERMEDIATECO I LLC,BRP_BRAZ_RN,,,
Brazoria (DGR),10.0,10.0,BRAZORIA_LD1,BRAZORIA_UNIT1,2023-09-01,2023-10-08,,Brazoria,77422,29.062635,-95.57759,houston,,,,2020-11-14,Battery,False,,,Coastal,ENGIE,54,BROAD REACH QSE I LLC (,4,BRP INTERMEDIATECO I LLC,BRP_BRAZ_RN,,,
Brazoria (DGR),10.0,10.0,BRAZORIA_LD1,BRAZORIA_UNIT1,2023-04-26,2023-08-31,,Brazoria,77422,29.062635,-95.57759,houston,,,,2020-11-14,Battery,False,,,Coastal,Broad Reach Power LLC,54,BROAD REACH QSE I LLC (,4,BRP INTERMEDIATECO I LLC,BRP_BRAZ_RN,,,
Brazoria (DGR),10.0,10.0,BRAZORIA_LD1,BRAZORIA_UNIT1,2022-08-03,2023-04-25,,Brazoria,77422,29.062635,-95.57759,houston,,,,2020-11-14,Battery,False,,,Coastal,Broad Reach Power LLC,7,BROAD REACH QSE,4,BRP INTERMEDIATECO I LLC,BRP_BRAZ_RN,,,
Brazoria (DGR),10.0,10.0,BRP_BRAZ_LD1,BRP_BRAZ_UNIT1,2020-11-14,2022-08-02,,Brazoria,77422,29.062635,-95.57759,houston,,,,2020-11-14,Battery,False,,,Coastal,Broad Reach Power LLC,7,BROAD REACH QSE,4,BRP INTERMEDIATECO I LLC,BRP_BRAZ_RN,,,
BoCo,154.0,300.0,BOCO_ESS_LD1,BOCO_ESS_ESS1,2024-08-12,2050-01-01,Texas,Borden,,32.72233,-101.6385,west,,,,2024-08-12,,False,,,West,Aypa Power,76,TENASKA POWER SERVICES CO,57,BORDEN COUNTY BATTERY ENERGY STORAGE SYSTEM LLC (DME),BOCO_ESS_RN,Canadian Solar,Aypa Power,Canadian Solar
Bocanova,150.0,300.0,BCNV_ESS_LD1,BCNV_ESS_BESS1,2025-08-28,2050-01-01,Texas,Brazoria,,29.435422,-95.2511,houston,138,,,2025-08-28,,False,,,Coastal,Nightpeak Energy,1138,SHELL ENERGY NORTH AMERICA (US) LP,1103,BOCANOVA POWER LLC,BCNV_RN,,Nightpeak Energy,
Blue Summit,30.0,12.6,BLSUMMIT_LD1,BLSUMMIT_BATTERY,2017-02-24,2050-01-31,Texas,Wilbarger,79225,34.299,-99.399,west,,,,2017-02-24,Battery,False,,,West,NextEra Energy Resources,24,NEXTERA ENERGY MARKETING LLC,27,BLUE SUMMIT STORAGE LLC,BLSMT1_5_A_6,,NextEra Energy Resources,
Blue Jay,50.0,75.0,BLUEJAY_LD1,BLUEJAY_BESS1,2023-06-30,2050-01-01,Texas,Grimes,77861,30.7115,-96.0641,north,,49.999998,50.0,2023-06-30,battery,True,solar,270.0,North,Enel North America,57,ENEL TRADING NORTH AMERICA LLC,15,ENEL TRADING NORTH AMERICA LLC,BLUEJAY_RN,,,
Blevins,188.0,360.0,BLVN_SLR_LD1,BLVN_SLR_BESS1,2025-11-26,2049-12-31,Texas,Falls,,31.223,-97.209,north,,181.0,181.0,2025-11-26,Battery,True,Solar,271.0,North,National Grid Renewables,1121,SHELL ENERGY NORTH AMERICA (US) LP,1116,SHELL ENERGY NORTH AMERICA (US),BLVN_RN,,Geronimo Power,
Black Springs,120.0,290.0,BLACKSPR_LD1,BLACKSPR_UNIT1,2026-04-01,2049-12-31,Texas,Palo Pinto,,32.8682,-98.1367,north,,,,2025-12-23,Battery,False,,,North,Brookfield Renewable,1153,Brookfield Renewable Trading and Marketing,1121,BLACK SPRINGS BESS LLC,BLACKSPR_RN,Tesla,Brookfield Renewable,CATL
Black Springs,120.0,290.0,BLACKSPR_LD1,BLACKSPR_UNIT1,2025-12-23,2026-03-31,Texas,Palo Pinto,,32.8682,-98.1367,north,,,,2025-12-23,Battery,False,,,North,Brookfield Renewable,1142,Brookfield Renewable Trading and Marketing,1121,BLACK SPRINGS BESS LLC,BLACKSPR_RN,Tesla,Brookfield Renewable,CATL
Bexar,102.6,100.0,,,2026-03-12,2050-01-01,Texas,Bexar,,29.271,-98.456,,138,,,2026-03-12,,False,,,South,Goshe,1151,TENASKA POWER SERVICES CO,1141,Bexar ESS LLC,BEXAR_ES_RN,,Goshe,
Beck Road,9.99,24.0,,,2026-05-27,2049-12-31,Texas,Bexar,,,,south,,,,2026-05-27,Battery,False,,,South,B2U Storage Solutions,56,Tenaska,1148,Bexar Corrilla LLC,Z0_DGR2_RN,B2U Storage Solutions,B2U Storage Solutions,
Bay City,9.9,9.9,BAY_CITY_LD1,BAY_CITY_BESS,2023-10-27,2050-01-01,Texas,Matagorda,,28.987572,-95.96984,houston,,,,2023-10-27,Battery,False,,,Coastal,SMT Energy,65,TENASKA POWER SERVICES CO,41,SMT TX MANAGEMENT LLC,BAYC_BESS_RN,,,
Bat Cave,100.5,110.0,BATCAVE_LD1,BATCAVE_BES1,2024-05-01,2050-01-01,,Mason,76856,30.737745,-99.23178,south,,,,2021-10-22,Battery,False,,,South,ENGIE,77,ENGIE ENERGY MARKETING NA INC,53,ENGIE,BATCAVE_RN,,Plus Power,
Bat Cave,100.5,110.0,BATCAVE_LD1,BATCAVE_BES1,2023-10-09,2024-04-30,,Mason,76856,30.737745,-99.23178,south,,,,2021-10-22,Battery,False,,,South,ENGIE,54,BROAD REACH QSE I LLC (,39,BRP INTERMEDIATECO I LLC,BATCAVE_RN,,Plus Power,
Bat Cave,100.5,110.0,BATCAVE_LD1,BATCAVE_BES1,2023-09-01,2023-10-08,,Mason,76856,30.737745,-99.23178,south,,,,2021-10-22,Battery,False,,,South,ENGIE,54,BROAD REACH QSE I LLC (,4,BRP INTERMEDIATECO I LLC,BATCAVE_RN,,Plus Power,
Bat Cave,100.5,110.0,BATCAVE_LD1,BATCAVE_BES1,2023-04-26,2023-08-31,,Mason,76856,30.737745,-99.23178,south,,,,2021-10-22,Battery,False,,,South,Broad Reach Power LLC,54,BROAD REACH QSE I LLC (,4,BRP INTERMEDIATECO I LLC,BATCAVE_RN,,Plus Power,
Bat Cave,100.5,110.0,BATCAVE_LD1,BATCAVE_BES1,2021-10-22,2023-04-25,,Mason,76856,30.737745,-99.23178,south,,,,2021-10-22,Battery,False,,,South,Broad Reach Power LLC,7,BROAD REACH QSE,4,BRP INTERMEDIATECO I LLC,BATCAVE_RN,,Plus Power,
Azure Sky Wind,121.8,180.0,VORTEX_LD1,VORTEX_BESS1,2023-09-29,2050-01-01,TX,Throckmorton,,32.998948,-99.5985,north,,,,2023-09-29,Battery co-located (wind),True,Wind,350.0,West,Enel North America,66,ENEL TRADING NORTH AMERICA LLC,15,ENEL TRADING NORTH AMERICA LLC,VORT_ALL_RN,,Enel Green Power,
Azure Sky Solar,77.6,116.0,AZURE_LD1,AZURE_BESS1,2022-05-16,2050-01-31,,Haskell,,32.998948,-99.5985,west,,,,2022-05-12,Co-located battery (Solar),True,solar,284.0,West,Enel North America,18,ENEL TRADING NORTH AMERICA LLC,15,ENEL TRADING NORTH AMERICA LLC,AZURE_RN,,Enel Green Power,
Avila,160.0,320.0,AVIL_ESS_LD1,AVIL_ESS_BES1,2025-09-25,2050-01-01,Texas,Pecos,,30.904629,-102.9159,west,,,,2025-09-09,,False,,,West,ENGIE,1131,ENGIE ENERGY MARKETING NA INC,53,ENGIE,AVIL_ESS_RN,,,
Avila,160.0,320.0,AVIL_ESS_LD1,AVIL_ESS_BES1,2025-09-09,2025-09-24,Texas,Pecos,,30.904629,-102.9159,west,,,,2025-09-09,,False,,,West,ENGIE,1124,ENGIE,53,ENGIE,AVIL_ESS_RN,,,
Antila,72.38,140.0,ANTL_ESS_LD1,ANTL_ESS_BES1,2025-08-12,2050-01-01,Texas,Val Verde,,29.6114,-100.811,south,138,,,2025-08-12,,False,,,West,ENGIE,1131,ENGIE ENERGY MARKETING NA INC,53,ENGIE,ANTL_ESS_ES1,,ENGIE,Tesla
Anole,247.1,480.0,ANOL_ESS_LD1,ANOL_ESS_BES1,2025-07-22,2050-01-01,Texas,Dallas,,32.552083,-96.53993,north,345,247.1,247.1,2025-07-22,Battery,False,,,North,esVolta,1111,ESV ENERGY MANAGEMENT LLC,1099,ANOLE ENERGY STORAGE LLC,ANOL_ESS_RN,,,
Angleton,9.9,9.9,AE_LD1,AE_BESS,2025-09-04,2050-01-01,Texas,Brazoria,77422,29.2261,-95.4278,houston,138,10.0,9.9,2025-03-18,,False,,,Coastal,On.Energy,56,Tenaska,1085,WINMIL CLEAN ENERGY CENTER LLC,AE_RN,On.Energy,On.Energy,
Angleton,9.9,9.9,AE_LD1,AE_BESS,2025-03-18,2025-09-03,Texas,Brazoria,77422,29.2261,-95.4278,houston,138,10.0,9.9,2025-03-18,,False,,,Coastal,On.Energy,1106,TYR ENERGY LLC,1085,WINMIL CLEAN ENERGY CENTER LLC,AE_RN,On.Energy,On.Energy,
Angelo,103.0,200.0,ANG_SLR_LD1,ANG_SLR_BESS1,2025-06-30,2050-01-01,Texas,Tom Green,76901,31.513643,-100.5836,west,345,,,2025-06-30,Battery,True,Solar,195.41,West,Apex Clean Energy,56,Tenaska,1097,APEX CLEAN ENERGY HOLDINGS LLC,ANG_ALL,Powin Energy,Apex Clean Energy,
Anemoi,205.0,400.0,ANEM_ESS_LD1,ANEM_ESS_BESS1,2024-06-11,2050-01-01,Texas,Hidalgo,,26.45,-98.48,south,,205.0,205.0,2024-06-11,Battery,False,,,South,Plus Power,81,ENGIE ENERGY MARKETING NA INC,34,GAMBIT ENERGY STORAGE LLC,ANEM_ESS_RN,,Plus Power,
Andromeda 2 (SLF),78.0,156.0,ANDMDSLR_LD2,ANDMDSLR_BESS2,2026-04-18,2049-12-31,Texas,Scurry,,32.884896,-100.746416,west,,,,2025-10-06,Battery,False,,,West,IPX Power,1132,IP LUMINA II LLC,1143,IPX Power,ANDMDSLR_ALL,Tesla,Intersect Power,Tesla
Andromeda 2 (SLF),78.0,156.0,ANDMDSLR_LD2,ANDMDSLR_BESS2,2025-10-06,2026-04-17,Texas,Scurry,,32.884896,-100.746416,west,,,,2025-10-06,Battery,False,,,West,IPX Power,1132,IP LUMINA II LLC,1114,IP LUMINA II LLC,ANDMDSLR_ALL,Tesla,Intersect Power,Tesla
Andromeda 1 (SLF),82.0,164.0,ANDMDSLR_LD1,ANDMDSLR_BESS1,2026-04-18,2049-12-31,Texas,Scurry,,32.884896,-101.746416,west,,,,2025-10-06,Battery,False,,,West,IPX Power,1132,IP LUMINA II LLC,1143,IPX Power,ANDMDSLR_ALL,Tesla,Intersect Power,Tesla
Andromeda 1 (SLF),82.0,164.0,ANDMDSLR_LD1,ANDMDSLR_BESS1,2025-10-06,2026-04-17,Texas,Scurry,,32.884896,-101.746416,west,,,,2025-10-06,Battery,False,,,West,IPX Power,1132,IP LUMINA II LLC,1114,IP LUMINA II LLC,ANDMDSLR_ALL,Tesla,Intersect Power,Tesla
Anchor 2,36.3,59.0,ANCHOR_LD2,ANCHOR_BESS2,2023-10-27,2050-01-01,TX,Callahan,,32.308524,-99.1642,north,,,,2023-10-27,Battery co-located (wind),True,Wind,263.0,West,Enel North America,67,ENEL TRADING NORTH AMERICA LLC,15,ENEL TRADING NORTH AMERICA LLC,ANCHOR_ALL,,Enel Green Power,
Anchor 1,35.2,54.0,ANCHOR_LD1,ANCHOR_BESS1,2023-10-27,2050-01-01,TX,Callahan,,32.308524,-99.1642,north,,,,2023-10-27,Battery co-located (wind),True,Wind,263.0,West,Enel North America,67,ENEL TRADING NORTH AMERICA LLC,15,ENEL TRADING NORTH AMERICA LLC,ANCHOR_ALL,,Enel Green Power,
Alvin (DGR),10.0,10.0,ALVIN_LD1,ALVIN_UNIT1,2024-05-01,2050-01-01,Texas,Brazoria,77511,29.433245,-95.24937,houston,,,,2020-09-18,Battery,False,,,Coastal,ENGIE,77,ENGIE ENERGY MARKETING NA INC,53,ENGIE,ALVIN_RN,,,
Alvin (DGR),10.0,10.0,ALVIN_LD1,ALVIN_UNIT1,2023-10-09,2024-04-30,Texas,Brazoria,77511,29.433245,-95.24937,houston,,,,2020-09-18,Battery,False,,,Coastal,ENGIE,54,BROAD REACH QSE I LLC (,39,BRP INTERMEDIATECO I LLC,ALVIN_RN,,,
Alvin (DGR),10.0,10.0,ALVIN_LD1,ALVIN_UNIT1,2023-09-01,2023-10-08,Texas,Brazoria,77511,29.433245,-95.24937,houston,,,,2020-09-18,Battery,False,,,Coastal,ENGIE,54,BROAD REACH QSE I LLC (,4,BRP INTERMEDIATECO I LLC,ALVIN_RN,,,
Alvin (DGR),10.0,10.0,ALVIN_LD1,ALVIN_UNIT1,2023-04-26,2023-08-31,Texas,Brazoria,77511,29.433245,-95.24937,houston,,,,2020-09-18,Battery,False,,,Coastal,Broad Reach Power LLC,54,BROAD REACH QSE I LLC (,4,BRP INTERMEDIATECO I LLC,ALVIN_RN,,,
Alvin (DGR),10.0,10.0,ALVIN_LD1,ALVIN_UNIT1,2022-10-19,2023-04-25,Texas,Brazoria,77511,29.433245,-95.24937,houston,,,,2020-09-18,Battery,False,,,Coastal,Broad Reach Power LLC,7,BROAD REACH QSE,4,BRP INTERMEDIATECO I LLC,ALVIN_RN,,,
Alvin (DGR),10.0,10.0,BRPALVIN_LD1,BRPALVIN_UNIT1,2020-09-18,2022-10-18,Texas,Brazoria,77511,29.433245,-95.24937,houston,,,,2020-09-18,Battery,False,,,Coastal,Broad Reach Power LLC,7,BROAD REACH QSE,4,BRP INTERMEDIATECO I LLC,ALVIN_RN,,,
Al Pastor,103.1,145.0,ALP_BESS_LD1,ALP_BESS_BESS1,2024-11-01,2050-01-01,Texas,Dawson,,32.7171,-101.9378,west,,,,2024-11-01,Battery,False,,,West,UBS Asset Management,92,HABITAT ENERGY INC (QSE),64,HABITAT ENERGY INC (DME),ALP_BESS_RN,,UBS Asset Management,Canadian Solar
Alamo Street,9.9,18.0,,,2026-02-10,2050-01-01,Texas,Pecos,,30.9064,-102.932,,69,,,2026-02-10,Battery,False,,,West,On.Energy,1148,SYSO INC,1130,ALAMO CLEAN ENERGY CENTER LLC,ALAMO_ST_RN,,On.Energy,
Adlong,60.0,60.0,ADL_LD1,ADL1_BESS1,2025-12-30,2050-01-01,Texas,Harris,,30.015366,-95.037359,,,,,2025-12-30,,True,Solar,60.0,Houston,Brookfield Renewable,56,Tenaska,1123,LIBERTY 1 SOLAR LLC,ADL_RN,,X-Elio,
Abilene Industrial Park,9.9,27.0,,,2026-04-28,2049-12-31,,Taylor,,32.4699,-99.8168,west,,,,2026-04-28,Battery,False,,,West,Shell,1159,Shell,1155,Shell,ABINDUST_RN,,Shell,
Abilene Elmcreek,9.9,27.0,,,2026-04-28,2049-12-31,,Taylor,,32.4629,-99.795,west,,,,2026-04-28,Battery,False,,,West,Shell,1159,Shell,1154,Shell,ELMCRK_RN,,Shell,
